date,tmax,tmin,precip
2000-01-01,16.75,4.98,2.63
2000-01-02,12.18,6.15,0.34
2000-01-03,20.51,7.31,0.04
2000-01-04,14.29,4.98,0.41
2000-01-05,17.01,2.46,1.13
2000-01-06,18.99,3.5,0.3
2000-01-07,14.08,3.98,1.22
2000-01-08,15.17,8.25,1.44
2000-01-09,15.68,7.53,1.87
2000-01-10,15.77,9.46,0.21
2000-01-11,16.02,11.53,0.26
2000-01-12,16.47,8.06,4.8
2000-01-13,20.79,5.88,0.75
2000-01-14,26.91,10.96,0.41
2000-01-15,21.04,9.17,0.19
2000-01-16,16.05,5.91,0.63
2000-01-17,17.94,11.44,0.66
2000-01-18,16.18,9.84,3.24
2000-01-19,17.79,11.04,0.01
2000-01-20,21.81,11.84,2.61
2000-01-21,17.78,9.68,3.98
2000-01-22,16.02,12.74,0.13
2000-01-23,17.46,8.39,2.62
2000-01-24,23.52,11.61,1.28
2000-01-25,22.34,9.96,2.86
2000-01-26,25.97,12.16,1.36
2000-01-27,13.86,13.36,0.05
2000-01-28,17.69,14.03,1.42
2000-01-29,21.52,12.89,1.06
2000-01-30,20.03,13.89,0.16
2000-01-31,20.2,11.62,5.31
2000-02-01,24.35,15.16,4.1
2000-02-02,21.48,14.09,4.46
2000-02-03,27.4,13.63,4.53
2000-02-04,21.39,12.84,0.52
2000-02-05,27.53,13.12,3.94
2000-02-06,23.93,13.45,1.08
2000-02-07,22.94,13.54,0.82
2000-02-08,23.84,15.13,1.46
2000-02-09,21.7,17.33,7.14
2000-02-10,18.97,14.67,0.67
2000-02-11,25.23,14.05,1.4
2000-02-12,24.53,15.71,0.31
2000-02-13,26.32,15.29,0.55
2000-02-14,28.91,16.99,0.54
2000-02-15,23.26,18.44,2.0
2000-02-16,27.61,20.23,0.19
2000-02-17,24.55,17.87,0.41
2000-02-18,26.5,15.19,2.26
2000-02-19,26.4,15.64,0.51
2000-02-20,23.35,17.48,2.35
2000-02-21,28.56,16.38,0.3
2000-02-22,24.51,16.21,5.17
2000-02-23,25.94,18.13,2.16
2000-02-24,27.85,19.78,1.51
2000-02-25,26.34,16.9,4.55
2000-02-26,28.24,19.03,0.83
2000-02-27,31.5,15.87,4.55
2000-02-28,28.49,18.43,2.05
2000-02-29,28.55,19.57,0.02
2000-03-01,28.89,16.58,0.01
2000-03-02,28.66,15.7,2.35
2000-03-03,24.68,19.57,2.49
2000-03-04,26.12,16.11,2.74
2000-03-05,31.38,19.32,2.14
2000-03-06,26.0,18.89,0.92
2000-03-07,26.04,17.08,7.22
2000-03-08,31.45,18.33,1.99
2000-03-09,28.95,21.82,1.72
2000-03-10,24.78,18.93,2.56
2000-03-11,25.88,20.06,5.64
2000-03-12,28.81,20.66,6.8
2000-03-13,26.72,16.23,3.81
2000-03-14,26.56,18.31,1.63
2000-03-15,29.93,20.18,1.69
2000-03-16,30.18,17.86,9.22
2000-03-17,29.72,17.26,4.2
2000-03-18,32.23,21.74,2.42
2000-03-19,25.53,17.79,3.31
2000-03-20,30.63,20.23,4.89
2000-03-21,31.31,27.47,3.2
2000-03-22,33.8,21.78,3.18
2000-03-23,28.9,21.36,0.94
2000-03-24,30.38,18.17,0.07
2000-03-25,36.86,16.18,0.68
2000-03-26,28.69,20.1,0.08
2000-03-27,28.54,22.14,0.27
2000-03-28,34.66,20.23,0.49
2000-03-29,27.8,20.42,0.11
2000-03-30,37.16,23.68,2.03
2000-03-31,23.92,20.37,3.17
2000-04-01,28.67,16.66,0.16
2000-04-02,31.51,21.73,1.05
2000-04-03,28.98,19.35,0.58
2000-04-04,35.27,20.78,2.16
2000-04-05,31.08,23.25,1.89
2000-04-06,25.37,18.96,0.88
2000-04-07,29.19,23.64,0.21
2000-04-08,20.15,17.82,0.38
2000-04-09,23.85,17.23,1.91
2000-04-10,28.47,20.05,0.94
2000-04-11,29.92,24.44,3.88
2000-04-12,26.75,20.62,0.15
2000-04-13,29.04,19.77,1.76
2000-04-14,29.93,20.91,0.98
2000-04-15,27.68,23.75,1.58
2000-04-16,29.0,20.63,6.5
2000-04-17,27.93,19.8,0.77
2000-04-18,27.54,21.01,0.25
2000-04-19,32.09,22.14,4.2
2000-04-20,31.59,20.41,0.66
2000-04-21,30.72,17.64,3.29
2000-04-22,28.91,19.2,0.93
2000-04-23,26.86,21.2,5.34
2000-04-24,28.12,20.97,2.78
2000-04-25,27.44,19.19,4.66
2000-04-26,32.48,18.6,0.77
2000-04-27,27.73,20.15,0.02
2000-04-28,29.3,18.07,6.02
2000-04-29,33.95,20.34,1.19
2000-04-30,25.07,15.66,2.23
2000-05-01,30.27,19.29,3.12
2000-05-02,27.79,16.03,0.12
2000-05-03,21.42,21.23,4.37
2000-05-04,25.07,16.91,0.31
2000-05-05,29.25,20.12,0.21
2000-05-06,28.0,16.25,0.15
2000-05-07,28.79,18.86,0.17
2000-05-08,22.61,14.14,3.35
2000-05-09,24.81,19.52,0.17
2000-05-10,27.57,19.59,1.1
2000-05-11,25.57,16.46,1.26
2000-05-12,27.27,14.65,2.74
2000-05-13,27.61,16.31,0.94
2000-05-14,28.03,15.16,0.51
2000-05-15,25.99,17.75,9.91
2000-05-16,25.89,14.05,6.97
2000-05-17,32.24,16.23,2.38
2000-05-18,31.69,13.69,1.76
2000-05-19,24.71,16.99,1.94
2000-05-20,22.33,13.65,1.25
2000-05-21,27.75,11.03,0.16
2000-05-22,25.48,18.2,0.74
2000-05-23,25.96,16.19,0.35
2000-05-24,20.08,17.71,5.4
2000-05-25,23.62,13.27,3.33
2000-05-26,18.49,16.34,7.01
2000-05-27,24.24,13.97,1.26
2000-05-28,18.42,12.0,0.12
2000-05-29,23.76,13.59,8.17
2000-05-30,22.78,12.86,1.47
2000-05-31,21.6,9.34,0.14
2000-06-01,22.68,13.35,0.26
2000-06-02,25.27,15.17,0.44
2000-06-03,22.86,10.37,0.73
2000-06-04,21.98,14.74,1.91
2000-06-05,27.58,14.91,2.09
2000-06-06,18.1,10.63,0.03
2000-06-07,22.87,13.67,1.22
2000-06-08,19.39,10.01,0.01
2000-06-09,23.63,6.93,0.5
2000-06-10,22.87,9.94,0.43
2000-06-11,24.48,10.12,0.51
2000-06-12,22.67,10.39,2.99
2000-06-13,14.37,9.37,0.61
2000-06-14,19.21,10.04,0.4
2000-06-15,15.07,10.32,0.08
2000-06-16,15.43,9.71,0.42
2000-06-17,18.3,10.39,1.1
2000-06-18,16.89,7.28,0.04
2000-06-19,16.39,6.39,0.19
2000-06-20,13.42,7.34,0.45
2000-06-21,23.37,7.54,0.04
2000-06-22,18.76,9.63,0.09
2000-06-23,16.62,6.52,1.64
2000-06-24,14.5,7.86,0.23
2000-06-25,15.62,1.85,0.96
2000-06-26,14.31,1.81,1.38
2000-06-27,17.66,6.56,0.72
2000-06-28,12.76,5.84,0.59
2000-06-29,10.6,5.83,0.31
2000-06-30,14.6,5.07,0.39
2000-07-01,12.96,2.74,0.13
2000-07-02,15.3,6.47,1.14
2000-07-03,14.36,7.35,0.09
2000-07-04,21.25,6.16,1.37
2000-07-05,10.76,3.49,0.33
2000-07-06,17.8,1.0,0.85
2000-07-07,9.16,4.48,0.11
2000-07-08,11.73,1.85,0.18
2000-07-09,11.07,1.12,0.19
2000-07-10,5.08,3.96,4.04
2000-07-11,11.62,0.52,3.49
2000-07-12,12.8,2.63,0.3
2000-07-13,13.33,-0.12,2.65
2000-07-14,17.71,4.82,0.33
2000-07-15,9.34,2.47,0.39
2000-07-16,11.92,-4.4,0.28
2000-07-17,11.61,-0.98,0.34
2000-07-18,7.17,1.12,0.66
2000-07-19,8.38,0.43,0.41
2000-07-20,8.29,1.61,1.14
2000-07-21,11.44,2.73,0.64
2000-07-22,4.3,-2.46,2.65
2000-07-23,10.48,-1.84,2.79
2000-07-24,10.59,2.29,1.84
2000-07-25,9.91,-1.93,0.23
2000-07-26,7.7,-1.98,1.69
2000-07-27,9.29,2.58,0.44
2000-07-28,7.38,0.09,1.7
2000-07-29,1.85,-4.05,0.62
2000-07-30,10.89,-3.95,0.7
2000-07-31,8.49,-2.92,0.48
2000-08-01,9.97,-2.52,0.98
2000-08-02,2.64,-0.64,0.15
2000-08-03,8.38,-0.65,0.76
2000-08-04,7.18,-2.87,0.16
2000-08-05,3.15,-5.21,1.36
2000-08-06,6.43,-4.74,1.44
2000-08-07,4.96,-2.33,1.72
2000-08-08,4.99,-6.16,1.6
2000-08-09,4.32,-5.51,1.28
2000-08-10,8.01,-1.89,1.18
2000-08-11,0.31,-4.24,0.42
2000-08-12,-0.33,-2.0,0.62
2000-08-13,5.36,0.1,0.95
2000-08-14,4.96,-3.92,1.19
2000-08-15,5.1,-4.67,0.17
2000-08-16,9.91,-3.05,0.55
2000-08-17,4.64,-5.72,2.6
2000-08-18,0.94,-6.34,4.19
2000-08-19,11.35,-5.22,0.51
2000-08-20,3.09,-7.29,1.62
2000-08-21,5.96,-11.24,2.52
2000-08-22,-0.63,-9.35,1.34
2000-08-23,-1.43,-7.44,0.6
2000-08-24,2.19,-7.62,0.69
2000-08-25,5.19,-7.54,0.45
2000-08-26,8.18,-5.12,0.01
2000-08-27,-0.57,-6.48,3.25
2000-08-28,1.54,-9.87,0.09
2000-08-29,2.21,-7.48,0.9
2000-08-30,2.12,-7.97,0.24
2000-08-31,1.6,-7.74,0.21
2000-09-01,1.72,-9.27,0.83
2000-09-02,5.86,-13.62,0.58
2000-09-03,5.32,-12.56,0.17
2000-09-04,2.34,-9.04,2.92
2000-09-05,-2.86,-10.2,1.03
2000-09-06,0.17,-8.89,0.17
2000-09-07,3.96,-6.3,0.03
2000-09-08,-1.06,-10.4,1.11
2000-09-09,-0.61,-8.06,1.06
2000-09-10,-0.18,-9.58,0.28
2000-09-11,2.92,-8.32,1.77
2000-09-12,5.65,-11.31,0.23
2000-09-13,2.41,-9.99,0.01
2000-09-14,-4.45,-5.91,2.23
2000-09-15,-1.08,-7.41,0.3
2000-09-16,4.38,-13.08,0.31
2000-09-17,-3.47,-6.12,0.8
2000-09-18,-4.95,-10.77,2.97
2000-09-19,-1.37,-8.94,2.03
2000-09-20,3.13,-9.84,1.61
2000-09-21,-0.91,-9.94,0.31
2000-09-22,6.61,-8.52,0.3
2000-09-23,0.62,-10.26,4.16
2000-09-24,-3.79,-9.72,0.32
2000-09-25,0.64,-11.9,0.32
2000-09-26,6.05,-8.53,1.77
2000-09-27,0.79,-8.02,0.92
2000-09-28,-3.0,-8.97,2.46
2000-09-29,-5.52,-12.56,0.73
2000-09-30,-1.04,-9.6,0.92
2000-10-01,-1.83,-12.81,0.34
2000-10-02,4.03,-11.76,0.35
2000-10-03,-2.83,-4.71,1.09
2000-10-04,0.32,-9.61,0.24
2000-10-05,-1.67,-9.7,0.69
2000-10-06,-4.99,-7.94,1.47
2000-10-07,0.01,-6.35,1.17
2000-10-08,-4.53,-10.66,1.71
2000-10-09,2.08,-7.87,0.32
2000-10-10,-5.06,-7.49,0.1
2000-10-11,0.05,-8.49,0.2
2000-10-12,3.52,-9.44,1.32
2000-10-13,2.06,-7.46,1.18
2000-10-14,-0.92,-8.3,0.67
2000-10-15,1.79,-9.08,0.2
2000-10-16,3.02,-9.16,0.03
2000-10-17,-2.6,-7.25,2.58
2000-10-18,4.11,-9.44,1.86
2000-10-19,3.61,-10.23,0.04
2000-10-20,-3.33,-8.11,0.13
2000-10-21,1.64,-9.98,0.42
2000-10-22,0.28,-8.66,0.38
2000-10-23,5.51,-8.44,0.38
2000-10-24,3.87,-8.17,0.96
2000-10-25,1.62,-6.5,2.8
2000-10-26,5.15,-9.88,0.51
2000-10-27,8.49,-9.13,4.14
2000-10-28,-3.33,-11.8,2.68
2000-10-29,0.58,-8.73,0.88
2000-10-30,-1.06,-10.14,0.53
2000-10-31,1.99,-7.44,0.97
2000-11-01,-0.99,-6.41,5.99
2000-11-02,5.31,-8.07,5.79
2000-11-03,9.43,-8.83,0.37
2000-11-04,3.15,-6.37,1.87
2000-11-05,-1.91,-7.06,0.39
2000-11-06,1.08,-8.16,3.02
2000-11-07,1.61,-7.23,6.95
2000-11-08,7.52,-7.88,2.38
2000-11-09,4.45,-7.33,0.51
2000-11-10,4.2,-9.44,1.8
2000-11-11,1.24,-5.91,4.2
2000-11-12,2.09,-6.84,4.39
2000-11-13,5.74,-3.73,1.6
2000-11-14,3.75,-7.31,0.93
2000-11-15,7.12,-7.43,1.37
2000-11-16,3.1,-4.9,3.81
2000-11-17,-5.6,-6.9,1.79
2000-11-18,3.56,-2.88,2.27
2000-11-19,0.31,-3.85,4.22
2000-11-20,7.2,-2.36,3.8
2000-11-21,6.84,-2.95,3.63
2000-11-22,9.03,-1.83,1.93
2000-11-23,4.08,-3.01,4.26
2000-11-24,5.74,-3.47,0.82
2000-11-25,4.38,-2.56,3.41
2000-11-26,6.75,-0.78,0.01
2000-11-27,9.33,-6.1,7.95
2000-11-28,3.02,-1.41,2.01
2000-11-29,11.8,-2.25,0.23
2000-11-30,8.29,0.7,6.59
2000-12-01,11.39,-5.12,5.38
2000-12-02,6.65,-1.62,0.72
2000-12-03,7.13,-1.43,1.75
2000-12-04,12.04,-4.59,0.09
2000-12-05,9.79,-2.36,0.05
2000-12-06,13.62,-1.21,2.3
2000-12-07,4.06,-1.65,11.7
2000-12-08,5.05,-5.0,0.36
2000-12-09,11.58,1.61,0.5
2000-12-10,10.61,-1.25,2.13
2000-12-11,9.46,-2.17,5.75
2000-12-12,15.91,-1.77,1.01
2000-12-13,13.31,0.2,0.52
2000-12-14,7.11,3.75,4.0
2000-12-15,12.63,1.05,0.41
2000-12-16,12.39,2.27,2.95
2000-12-17,12.99,2.83,1.97
2000-12-18,12.45,3.28,3.18
2000-12-19,9.02,2.02,0.27
2000-12-20,10.34,5.97,0.45
2000-12-21,10.4,2.59,1.74
2000-12-22,15.4,1.57,0.74
2000-12-23,12.3,3.08,0.15
2000-12-24,12.03,-1.46,1.83
2000-12-25,16.72,1.46,3.93
2000-12-26,11.0,3.81,0.55
2000-12-27,21.37,4.12,2.42
2000-12-28,13.76,4.47,0.79
2000-12-29,12.05,4.75,0.86
2000-12-30,11.93,4.37,1.68
2000-12-31,18.16,6.44,0.45
2001-01-01,19.46,7.11,0.06
2001-01-02,20.95,6.23,4.1
2001-01-03,18.46,7.04,0.83
2001-01-04,16.37,7.93,3.4
2001-01-05,22.51,4.91,1.49
2001-01-06,15.44,6.95,0.12
2001-01-07,14.85,5.83,4.11
2001-01-08,13.96,6.0,3.12
2001-01-09,17.24,11.6,1.62
2001-01-10,14.77,9.07,11.22
2001-01-11,17.94,8.06,0.45
2001-01-12,16.57,8.5,0.06
2001-01-13,17.55,4.99,4.05
2001-01-14,21.38,10.32,1.11
2001-01-15,15.15,5.9,8.79
2001-01-16,14.39,13.08,2.58
2001-01-17,22.56,9.25,4.62
2001-01-18,14.67,8.43,1.79
2001-01-19,24.25,12.58,2.64
2001-01-20,21.26,8.69,4.79
2001-01-21,18.65,8.96,7.11
2001-01-22,21.51,9.96,1.36
2001-01-23,22.41,10.04,1.18
2001-01-24,14.32,11.49,1.8
2001-01-25,20.17,9.01,6.97
2001-01-26,23.91,9.0,0.79
2001-01-27,20.32,12.41,7.0
2001-01-28,17.28,11.4,0.15
2001-01-29,22.41,9.61,0.82
2001-01-30,21.62,14.87,0.57
2001-01-31,27.13,14.33,0.37
2001-02-01,25.39,15.29,1.29
2001-02-02,24.21,13.93,1.76
2001-02-03,22.37,14.04,0.24
2001-02-04,23.28,13.42,1.52
2001-02-05,23.31,11.64,5.43
2001-02-06,24.15,9.92,0.08
2001-02-07,24.54,15.03,4.05
2001-02-08,27.32,8.53,1.34
2001-02-09,21.91,15.33,0.06
2001-02-10,28.05,12.64,0.45
2001-02-11,25.75,13.62,1.17
2001-02-12,24.54,15.55,2.36
2001-02-13,25.21,19.31,1.92
2001-02-14,26.09,17.59,0.06
2001-02-15,26.26,16.57,2.26
2001-02-16,27.77,13.56,1.0
2001-02-17,23.71,16.62,2.14
2001-02-18,26.01,16.86,4.09
2001-02-19,27.39,19.24,2.68
2001-02-20,25.8,18.46,0.79
2001-02-21,29.84,17.84,2.87
2001-02-22,25.97,19.61,3.41
2001-02-23,27.38,14.96,0.01
2001-02-24,23.88,14.29,1.01
2001-02-25,24.66,20.42,1.19
2001-02-26,25.55,14.82,0.52
2001-02-27,28.11,16.2,2.21
2001-02-28,25.68,22.25,0.96
2001-03-01,28.05,20.13,1.3
2001-03-02,23.84,14.72,1.74
2001-03-03,35.12,19.58,2.9
2001-03-04,30.04,19.96,6.23
2001-03-05,27.62,19.16,5.24
2001-03-06,26.23,17.93,1.33
2001-03-07,25.99,16.63,0.73
2001-03-08,29.25,21.49,0.75
2001-03-09,33.35,20.36,0.64
2001-03-10,25.96,18.46,0.4
2001-03-11,26.1,20.11,1.49
2001-03-12,27.29,19.73,1.68
2001-03-13,33.37,19.03,1.6
2001-03-14,29.64,18.4,6.05
2001-03-15,32.96,20.11,4.31
2001-03-16,27.31,18.09,1.89
2001-03-17,32.93,18.88,4.61
2001-03-18,25.82,18.16,3.03
2001-03-19,32.02,18.49,1.1
2001-03-20,27.64,20.22,1.96
2001-03-21,36.38,17.24,0.37
2001-03-22,31.67,20.59,0.49
2001-03-23,33.48,23.05,1.58
2001-03-24,28.17,17.11,1.81
2001-03-25,30.82,19.88,0.29
2001-03-26,27.5,23.19,1.12
2001-03-27,32.87,22.15,9.48
2001-03-28,31.67,23.22,0.64
2001-03-29,26.67,18.55,0.88
2001-03-30,30.09,18.45,0.14
2001-03-31,28.13,21.4,1.55
2001-04-01,30.99,21.67,1.52
2001-04-02,26.48,17.53,2.21
2001-04-03,35.01,20.83,1.25
2001-04-04,30.27,18.62,6.32
2001-04-05,31.59,18.13,0.45
2001-04-06,27.21,20.11,1.2
2001-04-07,27.72,22.4,2.19
2001-04-08,28.3,17.09,0.33
2001-04-09,33.51,20.15,1.47
2001-04-10,27.59,20.28,2.82
2001-04-11,30.19,19.49,3.05
2001-04-12,26.54,17.97,0.89
2001-04-13,24.19,20.71,1.01
2001-04-14,36.11,17.38,1.45
2001-04-15,29.57,21.26,9.7
2001-04-16,28.37,20.45,5.34
2001-04-17,29.7,19.26,0.96
2001-04-18,31.09,20.59,0.73
2001-04-19,28.79,17.8,0.38
2001-04-20,26.12,21.86,7.43
2001-04-21,32.41,20.1,0.28
2001-04-22,36.45,18.46,2.89
2001-04-23,29.0,16.34,1.02
2001-04-24,27.76,16.89,0.14
2001-04-25,28.94,19.83,6.75
2001-04-26,23.26,17.37,1.41
2001-04-27,25.74,18.27,2.05
2001-04-28,30.07,15.88,2.1
2001-04-29,27.69,21.31,0.12
2001-04-30,26.52,17.39,0.26
2001-05-01,26.25,17.48,2.36
2001-05-02,28.01,16.5,11.43
2001-05-03,29.14,20.21,0.73
2001-05-04,29.19,22.27,1.11
2001-05-05,23.45,17.1,0.92
2001-05-06,31.03,16.77,2.65
2001-05-07,25.53,12.08,0.04
2001-05-08,29.7,15.52,0.29
2001-05-09,22.52,17.32,0.02
2001-05-10,23.82,16.74,1.59
2001-05-11,30.23,16.32,0.21
2001-05-12,22.89,16.39,0.79
2001-05-13,25.79,19.73,0.94
2001-05-14,23.51,11.58,3.07
2001-05-15,23.95,18.04,2.33
2001-05-16,20.98,14.97,3.68
2001-05-17,32.07,14.39,2.15
2001-05-18,26.25,17.02,1.9
2001-05-19,25.33,13.72,0.33
2001-05-20,25.31,18.48,2.28
2001-05-21,23.75,15.22,0.15
2001-05-22,22.24,17.25,0.7
2001-05-23,28.05,13.14,2.17
2001-05-24,22.9,13.38,0.21
2001-05-25,27.6,15.48,0.62
2001-05-26,25.66,16.46,0.96
2001-05-27,22.66,13.13,1.91
2001-05-28,25.34,15.86,1.51
2001-05-29,21.27,15.06,7.82
2001-05-30,27.35,16.58,1.38
2001-05-31,24.38,14.91,0.14
2001-06-01,24.21,12.12,0.25
2001-06-02,19.18,8.38,0.58
2001-06-03,23.83,12.39,0.28
2001-06-04,21.2,11.31,2.18
2001-06-05,17.61,13.46,1.69
2001-06-06,20.9,11.97,1.41
2001-06-07,24.81,10.89,1.3
2001-06-08,22.92,13.28,0.2
2001-06-09,21.67,10.75,2.77
2001-06-10,21.65,9.15,1.7
2001-06-11,20.3,7.23,1.84
2001-06-12,20.89,13.37,0.89
2001-06-13,14.03,9.88,0.83
2001-06-14,21.74,10.24,1.01
2001-06-15,17.36,10.19,0.62
2001-06-16,18.36,7.28,1.61
2001-06-17,19.52,5.93,1.32
2001-06-18,14.9,9.37,0.44
2001-06-19,19.07,11.14,0.01
2001-06-20,15.63,9.28,3.17
2001-06-21,13.38,5.51,0.16
2001-06-22,19.64,6.73,5.61
2001-06-23,14.77,3.03,1.28
2001-06-24,17.64,8.83,0.5
2001-06-25,21.75,5.2,0.0
2001-06-26,11.87,8.97,1.58
2001-06-27,16.74,4.52,0.66
2001-06-28,14.24,6.3,0.87
2001-06-29,21.26,9.45,0.93
2001-06-30,18.49,6.6,0.31
2001-07-01,15.14,7.79,0.08
2001-07-02,14.39,4.0,1.54
2001-07-03,17.49,6.01,0.73
2001-07-04,10.96,4.0,0.4
2001-07-05,11.6,3.86,0.25
2001-07-06,18.41,5.13,6.41
2001-07-07,14.18,4.77,0.55
2001-07-08,17.02,4.52,0.13
2001-07-09,16.54,2.49,0.48
2001-07-10,18.5,5.93,0.2
2001-07-11,8.36,0.24,0.03
2001-07-12,12.76,-1.2,0.35
2001-07-13,15.18,1.69,1.84
2001-07-14,13.37,0.77,0.61
2001-07-15,8.24,1.48,0.08
2001-07-16,11.25,4.87,0.57
2001-07-17,13.78,2.64,0.17
2001-07-18,7.84,1.43,1.39
2001-07-19,11.64,0.83,0.07
2001-07-20,10.04,-0.07,0.3
2001-07-21,11.16,-0.35,0.29
2001-07-22,12.59,-1.76,0.6
2001-07-23,8.03,-0.42,0.06
2001-07-24,2.1,1.14,0.43
2001-07-25,9.87,-0.7,0.82
2001-07-26,4.21,-2.17,1.31
2001-07-27,5.33,-0.21,0.83
2001-07-28,9.82,-1.65,0.94
2001-07-29,5.77,-2.44,0.16
2001-07-30,5.76,-3.65,1.9
2001-07-31,10.79,3.07,0.12
2001-08-01,8.8,-1.1,0.07
2001-08-02,8.43,0.91,0.09
2001-08-03,3.85,-8.77,0.18
2001-08-04,5.51,0.87,0.53
2001-08-05,8.5,0.75,0.06
2001-08-06,10.62,-3.46,0.61
2001-08-07,4.28,-5.38,0.18
2001-08-08,9.49,-5.53,0.73
2001-08-09,6.77,-4.7,2.12
2001-08-10,4.52,-3.38,0.6
2001-08-11,8.05,-4.76,0.77
2001-08-12,2.28,-4.81,1.07
2001-08-13,3.73,-2.69,1.49
2001-08-14,-0.67,-4.78,1.57
2001-08-15,10.25,-3.21,1.6
2001-08-16,6.74,-5.94,0.76
2001-08-17,5.72,-7.43,1.58
2001-08-18,6.59,-6.77,2.37
2001-08-19,2.9,-6.9,0.2
2001-08-20,4.63,-4.74,0.16
2001-08-21,9.76,-8.57,0.09
2001-08-22,3.98,-6.11,0.7
2001-08-23,3.0,-5.85,4.14
2001-08-24,6.53,-4.05,0.18
2001-08-25,2.37,-5.1,0.18
2001-08-26,2.87,-7.76,0.75
2001-08-27,4.37,-6.72,0.08
2001-08-28,0.07,-6.32,1.95
2001-08-29,2.85,-5.02,1.24
2001-08-30,1.3,-11.7,1.72
2001-08-31,-4.29,-9.14,0.68
2001-09-01,0.45,-6.07,0.19
2001-09-02,4.34,-7.09,0.11
2001-09-03,0.0,-9.12,0.43
2001-09-04,6.43,-9.06,1.05
2001-09-05,-3.09,-6.04,1.84
2001-09-06,2.57,-8.69,1.01
2001-09-07,2.37,-10.33,0.39
2001-09-08,-0.24,-8.45,0.19
2001-09-09,-0.15,-7.9,1.81
2001-09-10,3.58,-11.73,1.18
2001-09-11,-4.93,-8.87,0.24
2001-09-12,2.33,-8.85,2.05
2001-09-13,2.88,-7.96,1.09
2001-09-14,1.86,-9.85,1.11
2001-09-15,-2.34,-9.14,0.59
2001-09-16,3.81,-9.75,0.79
2001-09-17,1.19,-9.7,0.12
2001-09-18,-1.24,-9.81,1.35
2001-09-19,-0.35,-8.84,1.95
2001-09-20,1.8,-10.25,1.4
2001-09-21,2.88,-10.83,0.33
2001-09-22,1.28,-6.15,0.1
2001-09-23,-5.52,-10.45,0.91
2001-09-24,-3.05,-12.03,1.36
2001-09-25,1.36,-8.12,0.9
2001-09-26,-0.26,-10.28,1.58
2001-09-27,0.28,-10.9,5.39
2001-09-28,0.23,-7.66,0.07
2001-09-29,1.05,-7.66,0.12
2001-09-30,2.93,-9.0,2.11
2001-10-01,1.96,-4.62,0.56
2001-10-02,-1.96,-13.66,1.49
2001-10-03,2.67,-9.53,0.59
2001-10-04,4.86,-7.35,0.9
2001-10-05,-3.01,-8.4,0.72
2001-10-06,-0.68,-11.63,0.67
2001-10-07,1.35,-9.63,0.92
2001-10-08,0.24,-6.5,1.01
2001-10-09,-0.17,-10.22,0.45
2001-10-10,-1.65,-9.89,0.15
2001-10-11,-0.44,-13.91,0.22
2001-10-12,-4.24,-8.21,0.23
2001-10-13,-0.29,-9.66,0.01
2001-10-14,-0.55,-11.13,1.62
2001-10-15,1.88,-4.1,0.35
2001-10-16,0.02,-8.16,0.09
2001-10-17,-2.09,-8.89,0.42
2001-10-18,3.87,-9.32,0.68
2001-10-19,-0.48,-10.59,0.5
2001-10-20,-4.61,-12.37,2.38
2001-10-21,3.2,-6.05,0.37
2001-10-22,-0.48,-8.73,0.3
2001-10-23,1.5,-10.16,1.16
2001-10-24,0.36,-10.62,0.61
2001-10-25,-1.4,-9.35,0.54
2001-10-26,0.98,-8.47,0.08
2001-10-27,3.02,-8.85,1.1
2001-10-28,-1.67,-5.58,1.8
2001-10-29,2.33,-6.77,4.14
2001-10-30,-0.0,-7.44,4.65
2001-10-31,2.14,-9.53,0.31
2001-11-01,1.99,-8.33,0.7
2001-11-02,10.26,-8.75,0.09
2001-11-03,2.84,-9.69,0.84
2001-11-04,5.07,-4.92,3.74
2001-11-05,0.71,-3.8,2.24
2001-11-06,-0.04,-9.39,3.11
2001-11-07,7.12,-7.55,3.46
2001-11-08,-2.36,-8.28,1.75
2001-11-09,7.17,-10.06,2.45
2001-11-10,0.46,-3.61,0.37
2001-11-11,0.27,-6.84,4.42
2001-11-12,0.87,-7.1,0.05
2001-11-13,7.86,-3.28,0.83
2001-11-14,3.65,-7.32,0.75
2001-11-15,7.18,-2.48,0.91
2001-11-16,10.14,-6.46,0.3
2001-11-17,3.23,-5.38,1.41
2001-11-18,4.54,-4.34,0.08
2001-11-19,4.77,-5.71,0.35
2001-11-20,-0.18,-5.48,4.61
2001-11-21,7.52,-5.24,1.85
2001-11-22,1.01,-7.35,0.83
2001-11-23,2.25,-3.89,1.61
2001-11-24,10.75,-3.47,3.59
2001-11-25,0.84,-4.84,0.6
2001-11-26,2.67,-5.28,6.79
2001-11-27,0.73,-1.84,1.74
2001-11-28,6.36,-5.34,1.97
2001-11-29,-0.49,-3.47,10.18
2001-11-30,8.19,-0.88,1.69
2001-12-01,3.85,-1.46,1.01
2001-12-02,7.68,-3.37,1.57
2001-12-03,8.76,-1.07,1.52
2001-12-04,7.14,-1.22,3.16
2001-12-05,10.32,-2.28,5.77
2001-12-06,8.31,-3.66,7.93
2001-12-07,12.3,-1.18,1.78
2001-12-08,4.82,-2.53,0.45
2001-12-09,7.61,2.15,1.43
2001-12-10,17.79,-0.9,4.01
2001-12-11,9.72,0.45,3.51
2001-12-12,11.37,3.11,6.25
2001-12-13,9.78,0.07,3.85
2001-12-14,14.11,0.21,4.47
2001-12-15,12.64,-5.02,1.97
2001-12-16,16.98,0.63,2.57
2001-12-17,9.04,2.17,0.71
2001-12-18,15.05,0.55,0.65
2001-12-19,14.72,2.89,0.7
2001-12-20,13.66,3.55,0.31
2001-12-21,14.77,3.88,2.15
2001-12-22,14.38,3.52,1.9
2001-12-23,12.8,1.11,0.16
2001-12-24,8.21,-0.13,0.14
2001-12-25,11.01,2.77,3.3
2001-12-26,13.74,4.86,0.71
2001-12-27,13.91,2.27,3.16
2001-12-28,13.62,4.33,0.15
2001-12-29,9.6,2.89,0.53
2001-12-30,17.3,3.42,5.3
2001-12-31,17.42,4.55,0.78
2002-01-01,10.64,4.99,2.05
2002-01-02,15.7,6.07,0.89
2002-01-03,13.21,6.44,4.39
2002-01-04,6.97,6.4,1.76
2002-01-05,14.34,6.67,2.3
2002-01-06,18.97,4.6,3.46
2002-01-07,17.51,9.54,1.47
2002-01-08,18.24,6.04,0.63
2002-01-09,11.81,7.26,0.29
2002-01-10,16.0,7.87,2.76
2002-01-11,15.94,7.85,0.65
2002-01-12,17.09,8.38,3.66
2002-01-13,15.75,10.58,0.21
2002-01-14,14.54,6.94,3.7
2002-01-15,21.91,7.5,4.45
2002-01-16,21.63,8.8,0.95
2002-01-17,19.13,13.29,0.98
2002-01-18,23.84,11.42,0.01
2002-01-19,21.38,8.18,2.2
2002-01-20,20.33,10.45,0.71
2002-01-21,20.91,9.73,2.07
2002-01-22,20.12,9.64,6.28
2002-01-23,12.28,10.81,1.22
2002-01-24,19.37,8.58,0.92
2002-01-25,24.96,10.61,3.8
2002-01-26,23.35,9.21,1.28
2002-01-27,20.9,12.45,2.27
2002-01-28,17.29,13.58,0.29
2002-01-29,26.0,13.8,0.76
2002-01-30,18.83,15.69,2.5
2002-01-31,23.2,12.33,0.68
2002-02-01,21.21,12.52,0.24
2002-02-02,17.83,13.3,3.61
2002-02-03,22.6,11.29,1.36
2002-02-04,25.83,8.68,1.81
2002-02-05,23.65,13.18,6.62
2002-02-06,29.97,14.35,0.75
2002-02-07,26.27,15.56,1.47
2002-02-08,23.61,14.71,0.62
2002-02-09,24.83,17.62,0.86
2002-02-10,27.69,12.02,7.31
2002-02-11,25.44,15.41,3.03
2002-02-12,18.29,13.24,0.72
2002-02-13,24.99,12.01,2.75
2002-02-14,23.4,15.4,6.33
2002-02-15,25.73,16.13,6.58
2002-02-16,25.23,14.55,0.51
2002-02-17,24.9,15.39,1.95
2002-02-18,27.38,19.02,0.32
2002-02-19,27.86,18.65,0.98
2002-02-20,23.03,18.23,0.85
2002-02-21,26.0,17.63,1.27
2002-02-22,27.85,18.1,0.13
2002-02-23,24.51,21.19,0.29
2002-02-24,27.28,18.34,0.55
2002-02-25,33.39,17.33,0.16
2002-02-26,29.99,16.23,1.23
2002-02-27,20.97,20.67,0.09
2002-02-28,27.14,15.28,0.47
2002-03-01,26.59,19.05,6.47
2002-03-02,28.15,18.67,0.6
2002-03-03,34.21,15.41,0.15
2002-03-04,28.74,18.34,0.42
2002-03-05,29.65,18.41,2.83
2002-03-06,28.23,16.0,2.53
2002-03-07,30.76,16.01,2.2
2002-03-08,29.4,16.3,2.95
2002-03-09,27.87,18.81,0.02
2002-03-10,30.76,18.49,0.52
2002-03-11,25.25,20.21,0.78
2002-03-12,30.5,20.52,0.2
2002-03-13,27.87,19.05,1.31
2002-03-14,26.87,19.94,0.68
2002-03-15,31.57,18.98,10.0
2002-03-16,25.38,16.21,2.81
2002-03-17,23.88,21.5,3.1
2002-03-18,30.77,16.39,0.89
2002-03-19,25.97,21.07,0.43
2002-03-20,25.09,19.73,0.08
2002-03-21,28.5,21.09,6.01
2002-03-22,25.14,23.73,1.74
2002-03-23,34.66,20.02,0.66
2002-03-24,32.18,19.27,5.85
2002-03-25,29.31,21.72,3.03
2002-03-26,28.83,12.97,0.46
2002-03-27,26.18,20.66,0.81
2002-03-28,28.86,20.85,0.15
2002-03-29,22.16,20.37,3.33
2002-03-30,28.55,21.9,2.37
2002-03-31,32.04,22.38,0.33
2002-04-01,30.33,22.1,0.66
2002-04-02,28.49,19.84,0.27
2002-04-03,32.06,14.88,0.11
2002-04-04,26.72,17.81,0.52
2002-04-05,33.62,21.61,3.77
2002-04-06,24.77,18.6,0.79
2002-04-07,32.52,21.09,0.4
2002-04-08,32.25,19.4,3.29
2002-04-09,34.25,16.43,2.16
2002-04-10,30.09,18.22,2.47
2002-04-11,31.23,18.65,1.75
2002-04-12,31.7,16.74,0.7
2002-04-13,32.61,21.3,0.22
2002-04-14,35.63,25.86,0.92
2002-04-15,32.83,21.58,1.24
2002-04-16,30.21,20.52,2.61
2002-04-17,28.19,20.81,3.29
2002-04-18,27.71,17.19,0.82
2002-04-19,32.49,21.19,1.65
2002-04-20,29.21,20.57,0.96
2002-04-21,30.51,18.08,2.65
2002-04-22,28.18,18.92,3.65
2002-04-23,28.79,19.88,0.54
2002-04-24,31.54,20.02,1.58
2002-04-25,34.23,18.85,3.97
2002-04-26,30.14,17.62,1.61
2002-04-27,25.57,18.0,4.01
2002-04-28,27.01,16.72,0.69
2002-04-29,29.46,19.95,3.19
2002-04-30,30.26,15.48,1.7
2002-05-01,28.3,16.81,0.68
2002-05-02,24.87,15.25,1.94
2002-05-03,31.48,16.09,1.04
2002-05-04,26.08,14.28,2.31
2002-05-05,26.25,17.22,0.94
2002-05-06,27.89,18.41,2.23
2002-05-07,23.7,18.3,1.08
2002-05-08,25.87,17.63,0.65
2002-05-09,25.44,13.62,7.86
2002-05-10,26.9,15.28,0.4
2002-05-11,31.18,15.41,2.44
2002-05-12,20.93,14.61,1.01
2002-05-13,23.82,14.98,1.32
2002-05-14,23.37,14.13,2.14
2002-05-15,26.22,16.75,0.16
2002-05-16,24.14,15.24,1.83
2002-05-17,30.1,18.1,0.62
2002-05-18,27.85,13.12,2.45
2002-05-19,20.5,17.08,0.63
2002-05-20,28.09,15.58,5.86
2002-05-21,24.2,15.4,1.77
2002-05-22,27.79,16.99,1.05
2002-05-23,24.58,13.94,0.58
2002-05-24,25.97,14.12,1.02
2002-05-25,22.89,14.89,2.23
2002-05-26,23.77,13.49,0.19
2002-05-27,24.58,14.01,1.14
2002-05-28,22.11,10.2,2.57
2002-05-29,23.25,13.03,1.9
2002-05-30,19.11,14.36,1.25
2002-05-31,23.84,13.9,0.01
2002-06-01,20.19,11.16,0.32
2002-06-02,27.43,11.72,0.93
2002-06-03,20.35,12.57,3.03
2002-06-04,23.09,12.77,1.73
2002-06-05,21.86,13.12,0.22
2002-06-06,25.65,12.76,1.34
2002-06-07,18.88,11.24,0.46
2002-06-08,21.39,12.46,0.77
2002-06-09,18.33,7.93,2.26
2002-06-10,23.77,11.73,0.61
2002-06-11,16.2,11.6,1.22
2002-06-12,15.12,5.9,1.05
2002-06-13,18.08,11.44,0.59
2002-06-14,17.41,9.49,0.68
2002-06-15,17.75,12.12,1.06
2002-06-16,16.89,8.0,0.17
2002-06-17,21.11,9.41,1.68
2002-06-18,16.4,9.14,0.34
2002-06-19,14.98,6.58,0.72
2002-06-20,11.55,9.05,0.44
2002-06-21,19.17,8.82,0.37
2002-06-22,14.04,4.75,0.7
2002-06-23,16.53,5.51,0.81
2002-06-24,12.76,6.99,1.96
2002-06-25,19.47,7.67,1.96
2002-06-26,15.28,9.63,0.94
2002-06-27,17.61,4.34,0.2
2002-06-28,12.82,7.42,0.13
2002-06-29,18.6,7.51,0.72
2002-06-30,14.58,6.27,0.44
2002-07-01,14.51,4.54,0.73
2002-07-02,10.65,6.1,0.06
2002-07-03,10.51,3.52,0.25
2002-07-04,14.72,5.28,0.81
2002-07-05,9.37,0.37,0.78
2002-07-06,17.13,5.98,0.19
2002-07-07,5.71,3.62,2.04
2002-07-08,15.0,7.8,0.12
2002-07-09,10.33,3.61,0.41
2002-07-10,14.15,1.23,0.23
2002-07-11,15.17,2.12,0.23
2002-07-12,4.28,2.86,0.02
2002-07-13,19.95,-0.14,0.99
2002-07-14,8.54,3.51,0.01
2002-07-15,12.42,5.1,1.81
2002-07-16,12.41,2.01,0.66
2002-07-17,14.37,-0.17,0.6
2002-07-18,11.83,0.24,2.14
2002-07-19,8.18,0.46,0.49
2002-07-20,9.51,2.22,0.78
2002-07-21,8.27,0.52,0.47
2002-07-22,8.97,2.54,5.87
2002-07-23,3.98,0.85,0.25
2002-07-24,5.61,-3.57,0.07
2002-07-25,7.32,-5.28,1.28
2002-07-26,12.76,0.83,0.01
2002-07-27,10.61,-3.62,0.66
2002-07-28,9.23,1.45,0.07
2002-07-29,9.57,1.11,1.52
2002-07-30,10.22,-0.79,0.73
2002-07-31,8.97,-3.98,0.97
2002-08-01,5.35,-1.43,0.22
2002-08-02,8.18,-1.78,2.39
2002-08-03,8.7,-0.05,1.06
2002-08-04,7.43,-1.26,1.0
2002-08-05,6.36,-5.8,1.26
2002-08-06,3.88,-4.88,0.38
2002-08-07,3.94,-5.16,0.55
2002-08-08,6.05,-2.19,0.21
2002-08-09,6.47,-5.16,0.48
2002-08-10,7.13,-2.34,1.59
2002-08-11,8.18,-6.8,0.31
2002-08-12,5.72,-3.69,0.39
2002-08-13,2.56,-6.21,1.19
2002-08-14,6.21,-7.92,0.31
2002-08-15,7.76,-4.3,1.51
2002-08-16,2.35,-4.39,0.09
2002-08-17,1.41,-2.87,0.57
2002-08-18,5.13,-9.05,0.04
2002-08-19,0.2,-3.76,2.28
2002-08-20,2.75,-4.8,2.31
2002-08-21,2.16,-5.14,0.86
2002-08-22,5.67,-5.37,1.95
2002-08-23,2.95,-7.77,0.14
2002-08-24,2.96,-7.19,1.53
2002-08-25,-2.51,-5.79,1.06
2002-08-26,4.64,-4.57,1.44
2002-08-27,5.84,-3.33,0.98
2002-08-28,3.23,-5.43,0.87
2002-08-29,7.65,-8.64,0.49
2002-08-30,3.71,-10.59,2.63
2002-08-31,1.46,-6.8,0.75
2002-09-01,3.82,-6.28,0.9
2002-09-02,1.62,-9.49,1.12
2002-09-03,-1.48,-5.34,2.84
2002-09-04,1.59,-10.97,1.17
2002-09-05,4.5,-5.85,0.32
2002-09-06,2.57,-10.68,0.91
2002-09-07,2.94,-10.51,0.61
2002-09-08,4.01,-7.9,0.19
2002-09-09,5.72,-7.24,1.82
2002-09-10,-1.98,-2.91,0.51
2002-09-11,1.6,-11.43,0.32
2002-09-12,1.24,-7.68,0.9
2002-09-13,-0.69,-9.59,0.03
2002-09-14,-1.79,-9.67,0.93
2002-09-15,-2.83,-8.19,1.99
2002-09-16,-0.01,-9.08,1.34
2002-09-17,3.12,-10.83,5.89
2002-09-18,1.24,-9.48,0.63
2002-09-19,-1.23,-10.08,3.7
2002-09-20,1.29,-9.12,2.78
2002-09-21,-0.4,-11.27,0.07
2002-09-22,-1.8,-11.23,0.63
2002-09-23,-1.33,-10.43,0.18
2002-09-24,-5.0,-10.82,1.6
2002-09-25,-3.53,-12.01,0.26
2002-09-26,-1.09,-11.11,0.44
2002-09-27,-1.33,-9.6,0.24
2002-09-28,-1.12,-9.32,0.42
2002-09-29,-0.09,-11.69,0.36
2002-09-30,4.06,-9.43,0.15
2002-10-01,0.55,-4.61,0.16
2002-10-02,-4.28,-8.43,0.67
2002-10-03,-0.23,-11.66,0.37
2002-10-04,-3.54,-14.62,1.29
2002-10-05,5.53,-8.34,1.5
2002-10-06,-1.19,-8.33,0.77
2002-10-07,-0.76,-8.23,0.22
2002-10-08,5.22,-10.04,0.68
2002-10-09,3.88,-9.98,0.45
2002-10-10,-0.64,-7.71,0.4
2002-10-11,4.91,-10.32,0.13
2002-10-12,1.06,-12.24,0.87
2002-10-13,6.98,-10.0,0.26
2002-10-14,-5.91,-7.9,1.08
2002-10-15,1.09,-11.76,0.2
2002-10-16,-2.23,-10.93,0.2
2002-10-17,-1.08,-7.76,2.62
2002-10-18,0.84,-8.47,0.15
2002-10-19,4.37,-10.31,0.46
2002-10-20,1.15,-10.89,1.87
2002-10-21,-0.71,-8.15,1.12
2002-10-22,-1.07,-10.38,2.07
2002-10-23,-1.45,-10.71,0.0
2002-10-24,2.05,-8.08,0.99
2002-10-25,-0.65,-7.82,0.61
2002-10-26,-0.77,-9.15,0.67
2002-10-27,-1.33,-9.85,0.27
2002-10-28,1.39,-6.62,1.26
2002-10-29,-0.11,-7.37,1.34
2002-10-30,7.65,-10.97,15.45
2002-10-31,0.38,-5.26,3.52
2002-11-01,0.29,-10.13,1.43
2002-11-02,4.53,-7.34,1.43
2002-11-03,0.41,-7.63,0.07
2002-11-04,-3.75,-4.05,3.65
2002-11-05,-2.01,-7.96,0.1
2002-11-06,1.09,-6.55,1.87
2002-11-07,0.5,-8.15,0.96
2002-11-08,1.75,-4.38,2.78
2002-11-09,4.24,-7.63,0.54
2002-11-10,5.48,-2.88,5.29
2002-11-11,1.67,-6.74,0.04
2002-11-12,4.05,-3.65,2.99
2002-11-13,1.82,-8.48,0.06
2002-11-14,4.38,-5.39,5.41
2002-11-15,6.37,-8.64,2.27
2002-11-16,7.08,-6.44,5.88
2002-11-17,5.65,-4.28,0.65
2002-11-18,7.47,-2.21,9.23
2002-11-19,1.77,-7.53,0.16
2002-11-20,0.31,-5.56,0.84
2002-11-21,4.02,-6.89,5.28
2002-11-22,6.6,-6.67,0.33
2002-11-23,5.66,-3.2,1.39
2002-11-24,5.47,-7.23,2.17
2002-11-25,8.71,-2.13,1.72
2002-11-26,3.6,-0.05,1.03
2002-11-27,5.85,-2.15,2.35
2002-11-28,4.41,-4.34,0.41
2002-11-29,4.59,-6.67,3.56
2002-11-30,8.38,-3.82,1.52
2002-12-01,7.35,-6.16,0.71
2002-12-02,3.66,1.74,0.36
2002-12-03,8.36,-4.02,4.65
2002-12-04,12.01,-3.47,2.15
2002-12-05,14.18,0.07,4.57
2002-12-06,3.72,-3.23,0.02
2002-12-07,10.32,-0.06,0.22
2002-12-08,5.77,3.98,0.25
2002-12-09,9.84,-1.96,2.69
2002-12-10,9.85,-0.79,1.52
2002-12-11,4.65,1.04,5.57
2002-12-12,4.4,-1.6,0.1
2002-12-13,10.76,-0.24,1.22
2002-12-14,12.28,-2.06,0.58
2002-12-15,5.26,2.92,3.47
2002-12-16,10.83,3.76,0.86
2002-12-17,14.82,0.32,0.8
2002-12-18,7.05,-4.05,3.68
2002-12-19,10.2,-0.74,3.3
2002-12-20,10.88,4.42,1.23
2002-12-21,13.6,2.0,0.25
2002-12-22,13.19,3.52,1.52
2002-12-23,12.8,1.85,1.05
2002-12-24,14.49,1.17,7.09
2002-12-25,18.56,4.39,0.14
2002-12-26,10.76,3.23,1.9
2002-12-27,14.44,4.88,0.16
2002-12-28,16.31,0.06,1.03
2002-12-29,15.63,5.27,1.89
2002-12-30,10.56,3.26,0.22
2002-12-31,11.73,1.36,2.25
2003-01-01,13.59,5.67,1.01
2003-01-02,14.38,4.82,3.51
2003-01-03,15.49,4.72,0.37
2003-01-04,16.49,8.07,0.53
2003-01-05,21.55,6.33,6.35
2003-01-06,17.61,6.03,5.45
2003-01-07,17.48,8.19,1.99
2003-01-08,21.45,5.93,1.52
2003-01-09,15.11,10.95,2.63
2003-01-10,16.67,8.12,3.58
2003-01-11,21.42,8.1,1.13
2003-01-12,20.27,7.65,0.58
2003-01-13,18.16,10.76,1.44
2003-01-14,20.6,5.05,0.79
2003-01-15,18.54,9.67,2.61
2003-01-16,23.0,6.72,3.27
2003-01-17,18.94,10.48,3.06
2003-01-18,19.79,8.9,2.15
2003-01-19,17.63,10.54,5.58
2003-01-20,21.39,7.76,0.5
2003-01-21,21.65,6.56,1.08
2003-01-22,19.56,9.87,1.08
2003-01-23,21.95,11.28,0.18
2003-01-24,18.5,10.57,0.03
2003-01-25,24.4,14.56,0.36
2003-01-26,20.37,10.47,4.06
2003-01-27,21.3,13.2,0.1
2003-01-28,22.2,10.91,1.0
2003-01-29,22.39,11.35,0.02
2003-01-30,20.37,14.41,0.08
2003-01-31,17.43,15.62,7.28
2003-02-01,17.64,13.53,2.47
2003-02-02,24.49,12.53,0.94
2003-02-03,21.39,13.42,1.11
2003-02-04,24.79,14.44,0.51
2003-02-05,25.61,12.61,5.33
2003-02-06,23.58,12.12,0.82
2003-02-07,26.15,12.57,0.11
2003-02-08,15.6,13.58,0.81
2003-02-09,26.55,9.79,0.35
2003-02-10,28.71,15.35,2.86
2003-02-11,24.4,14.58,0.62
2003-02-12,21.65,11.61,2.28
2003-02-13,30.0,13.58,0.43
2003-02-14,21.53,17.04,4.34
2003-02-15,24.73,16.89,0.52
2003-02-16,21.45,14.85,2.23
2003-02-17,27.58,17.97,3.48
2003-02-18,22.89,15.54,2.68
2003-02-19,30.57,14.09,0.63
2003-02-20,29.21,20.19,4.02
2003-02-21,25.86,13.05,1.93
2003-02-22,22.25,13.1,0.8
2003-02-23,30.45,17.43,0.45
2003-02-24,27.72,18.02,3.47
2003-02-25,31.73,17.91,0.03
2003-02-26,24.61,16.11,2.9
2003-02-27,29.36,16.81,0.22
2003-02-28,30.44,18.64,0.78
2003-03-01,30.58,21.25,1.85
2003-03-02,30.21,21.57,1.12
2003-03-03,30.89,16.6,0.51
2003-03-04,25.11,19.77,1.96
2003-03-05,25.95,19.79,0.12
2003-03-06,29.34,16.51,3.79
2003-03-07,27.74,14.37,5.29
2003-03-08,27.45,14.66,0.03
2003-03-09,28.25,18.17,0.06
2003-03-10,25.7,22.73,1.59
2003-03-11,27.37,17.26,2.18
2003-03-12,29.65,20.97,1.66
2003-03-13,26.86,19.18,0.19
2003-03-14,24.26,21.38,4.98
2003-03-15,26.14,18.78,2.51
2003-03-16,30.1,15.7,2.39
2003-03-17,29.82,19.79,2.26
2003-03-18,30.65,19.84,0.7
2003-03-19,31.57,17.33,2.01
2003-03-20,28.95,19.76,2.61
2003-03-21,33.21,17.23,1.63
2003-03-22,27.13,19.01,0.2
2003-03-23,27.53,20.38,1.03
2003-03-24,32.49,21.29,0.25
2003-03-25,25.99,18.37,0.03
2003-03-26,33.42,20.18,6.32
2003-03-27,31.76,25.47,0.18
2003-03-28,23.5,21.71,1.87
2003-03-29,25.81,18.79,0.2
2003-03-30,28.1,19.41,0.39
2003-03-31,29.9,20.55,1.52
2003-04-01,33.83,20.68,0.79
2003-04-02,27.55,16.73,2.23
2003-04-03,26.53,22.27,0.29
2003-04-04,27.23,20.64,1.73
2003-04-05,33.27,22.09,2.8
2003-04-06,29.95,22.12,2.62
2003-04-07,26.38,20.83,0.05
2003-04-08,28.52,16.42,1.92
2003-04-09,28.78,20.7,0.27
2003-04-10,37.5,18.55,1.56
2003-04-11,30.38,17.98,1.57
2003-04-12,31.72,17.21,3.43
2003-04-13,29.69,18.52,2.34
2003-04-14,27.13,17.49,1.9
2003-04-15,34.36,20.73,0.91
2003-04-16,27.97,23.85,0.42
2003-04-17,30.97,23.05,0.89
2003-04-18,28.26,19.08,2.91
2003-04-19,26.23,21.77,2.25
2003-04-20,33.51,18.07,1.21
2003-04-21,31.18,18.87,0.58
2003-04-22,29.71,17.1,6.97
2003-04-23,27.19,18.64,0.83
2003-04-24,25.12,18.92,2.15
2003-04-25,25.31,15.4,0.24
2003-04-26,28.03,20.59,0.98
2003-04-27,26.43,22.47,2.09
2003-04-28,28.96,19.47,6.18
2003-04-29,28.1,15.94,1.84
2003-04-30,22.82,21.19,0.83
2003-05-01,27.25,16.16,0.36
2003-05-02,25.44,19.31,0.12
2003-05-03,34.32,20.21,4.11
2003-05-04,22.15,19.53,3.25
2003-05-05,25.1,17.71,1.67
2003-05-06,26.79,19.02,0.7
2003-05-07,27.04,17.11,1.13
2003-05-08,24.84,17.46,5.61
2003-05-09,28.47,19.93,3.53
2003-05-10,26.66,15.14,1.99
2003-05-11,28.11,17.78,0.65
2003-05-12,28.15,14.85,0.08
2003-05-13,27.61,11.24,1.74
2003-05-14,26.69,17.08,1.31
2003-05-15,23.93,15.15,1.16
2003-05-16,21.99,18.84,0.11
2003-05-17,28.12,16.02,0.97
2003-05-18,24.54,12.52,0.1
2003-05-19,26.51,16.07,1.77
2003-05-20,28.46,13.92,1.62
2003-05-21,26.18,17.05,3.07
2003-05-22,20.09,18.14,6.34
2003-05-23,31.27,16.23,0.5
2003-05-24,27.56,18.12,0.41
2003-05-25,24.48,12.82,2.89
2003-05-26,19.2,14.1,2.2
2003-05-27,23.29,12.02,0.36
2003-05-28,21.86,12.32,0.98
2003-05-29,22.82,12.08,1.43
2003-05-30,15.85,12.31,1.83
2003-05-31,22.82,10.42,0.06
2003-06-01,22.92,11.07,0.83
2003-06-02,22.79,14.36,3.21
2003-06-03,28.4,13.28,0.05
2003-06-04,20.5,11.43,0.19
2003-06-05,16.72,11.87,0.44
2003-06-06,24.33,7.19,0.08
2003-06-07,17.83,14.71,0.67
2003-06-08,19.85,10.8,0.41
2003-06-09,21.02,11.71,1.3
2003-06-10,17.68,7.26,0.27
2003-06-11,22.07,12.29,0.79
2003-06-12,22.41,9.87,0.08
2003-06-13,17.03,7.1,1.53
2003-06-14,19.61,9.58,0.25
2003-06-15,14.65,5.83,3.83
2003-06-16,20.48,7.92,0.41
2003-06-17,17.07,11.93,0.86
2003-06-18,19.79,9.43,2.01
2003-06-19,18.71,7.5,0.15
2003-06-20,21.82,3.55,0.52
2003-06-21,18.2,7.74,0.15
2003-06-22,14.58,10.73,0.14
2003-06-23,21.32,4.88,0.66
2003-06-24,11.47,4.86,0.9
2003-06-25,13.16,7.23,0.64
2003-06-26,22.74,9.64,0.24
2003-06-27,19.81,4.94,0.83
2003-06-28,18.57,3.78,0.84
2003-06-29,17.65,7.33,0.94
2003-06-30,12.08,5.35,0.3
2003-07-01,20.59,2.21,0.72
2003-07-02,9.38,4.84,1.33
2003-07-03,14.84,3.93,2.84
2003-07-04,14.05,1.79,0.1
2003-07-05,16.69,8.37,0.52
2003-07-06,16.75,3.98,0.22
2003-07-07,16.42,3.98,0.91
2003-07-08,12.47,5.98,1.39
2003-07-09,13.54,4.76,0.2
2003-07-10,10.35,1.57,0.28
2003-07-11,14.16,-1.08,0.89
2003-07-12,18.1,-0.11,0.09
2003-07-13,7.62,2.27,0.33
2003-07-14,15.55,1.04,0.01
2003-07-15,15.59,3.94,1.6
2003-07-16,18.24,-1.63,1.09
2003-07-17,12.52,1.48,5.79
2003-07-18,7.91,2.84,2.12
2003-07-19,9.75,1.48,0.25
2003-07-20,16.49,0.34,0.27
2003-07-21,12.47,1.66,0.37
2003-07-22,5.8,-0.98,3.75
2003-07-23,11.29,-0.02,0.36
2003-07-24,11.45,0.84,1.18
2003-07-25,8.84,-0.04,0.14
2003-07-26,12.48,0.68,0.86
2003-07-27,8.72,-4.26,0.37
2003-07-28,14.12,-3.47,1.37
2003-07-29,6.69,-4.64,0.31
2003-07-30,9.75,-3.3,2.4
2003-07-31,11.76,-3.65,2.27
2003-08-01,6.5,-1.75,3.13
2003-08-02,2.77,-5.02,0.06
2003-08-03,4.1,-3.0,0.29
2003-08-04,9.82,-4.32,2.08
2003-08-05,8.99,-4.22,1.95
2003-08-06,4.73,-2.73,1.17
2003-08-07,6.66,-3.06,0.4
2003-08-08,12.67,-3.98,0.71
2003-08-09,4.72,-5.65,1.62
2003-08-10,5.21,-3.72,1.09
2003-08-11,7.59,-3.42,2.91
2003-08-12,7.65,-5.65,0.14
2003-08-13,8.1,-3.25,1.13
2003-08-14,6.48,-5.92,0.18
2003-08-15,4.85,-5.67,0.65
2003-08-16,3.39,-3.46,0.18
2003-08-17,4.8,-3.28,0.21
2003-08-18,4.36,-2.3,0.93
2003-08-19,7.74,-6.39,1.77
2003-08-20,1.96,-5.63,1.83
2003-08-21,7.22,-4.32,0.45
2003-08-22,4.49,-5.38,0.12
2003-08-23,6.04,-7.2,0.05
2003-08-24,3.3,-6.54,1.0
2003-08-25,0.18,-8.75,2.85
2003-08-26,5.77,-8.68,0.5
2003-08-27,3.9,-7.29,0.46
2003-08-28,-1.62,-10.02,0.74
2003-08-29,5.38,-7.97,0.7
2003-08-30,-1.21,-7.74,4.06
2003-08-31,1.53,-8.14,1.09
2003-09-01,-2.71,-4.56,0.55
2003-09-02,-0.05,-7.01,1.72
2003-09-03,-1.29,-4.65,0.61
2003-09-04,4.16,-10.07,0.72
2003-09-05,4.16,-11.88,5.46
2003-09-06,3.74,-8.88,0.42
2003-09-07,-2.97,-9.56,0.0
2003-09-08,-0.99,-7.8,0.13
2003-09-09,1.5,-9.52,2.64
2003-09-10,-2.02,-9.4,0.72
2003-09-11,-2.83,-12.11,0.97
2003-09-12,-0.97,-8.55,0.04
2003-09-13,0.39,-10.2,1.62
2003-09-14,-1.44,-13.31,1.13
2003-09-15,3.98,-9.38,2.01
2003-09-16,1.32,-9.55,0.66
2003-09-17,1.17,-12.82,4.85
2003-09-18,-2.56,-7.02,0.01
2003-09-19,-3.95,-10.72,1.71
2003-09-20,3.27,-10.73,0.0
2003-09-21,-2.97,-11.36,0.27
2003-09-22,-5.14,-8.88,0.54
2003-09-23,2.9,-10.46,2.36
2003-09-24,-6.12,-10.07,0.11
2003-09-25,-3.09,-12.04,0.39
2003-09-26,1.45,-11.05,0.13
2003-09-27,-2.64,-9.33,0.07
2003-09-28,0.56,-7.37,0.08
2003-09-29,-0.6,-9.55,1.92
2003-09-30,0.03,-10.65,1.47
2003-10-01,-1.92,-11.78,0.34
2003-10-02,-4.16,-13.2,0.79
2003-10-03,1.47,-11.73,0.18
2003-10-04,0.12,-13.92,1.59
2003-10-05,2.41,-7.36,0.17
2003-10-06,-2.51,-9.75,0.47
2003-10-07,-1.43,-10.11,0.32
2003-10-08,-1.04,-10.14,0.2
2003-10-09,1.82,-10.12,0.15
2003-10-10,-1.02,-9.28,3.98
2003-10-11,4.17,-10.91,0.42
2003-10-12,-3.26,-8.75,0.16
2003-10-13,1.16,-7.95,1.65
2003-10-14,-0.23,-10.68,0.38
2003-10-15,-3.77,-6.92,0.16
2003-10-16,4.21,-8.74,0.48
2003-10-17,-0.27,-10.11,0.27
2003-10-18,3.58,-12.1,0.92
2003-10-19,-2.24,-6.47,1.74
2003-10-20,0.35,-12.07,1.61
2003-10-21,-0.1,-7.51,1.15
2003-10-22,-0.12,-9.33,0.94
2003-10-23,-0.75,-11.7,0.08
2003-10-24,-0.19,-10.41,0.09
2003-10-25,-1.92,-8.82,0.37
2003-10-26,2.33,-5.32,2.16
2003-10-27,6.12,-3.69,0.22
2003-10-28,-1.7,-11.36,2.85
2003-10-29,2.86,-8.56,2.68
2003-10-30,4.69,-7.68,0.1
2003-10-31,1.24,-11.38,0.51
2003-11-01,3.0,-7.56,1.1
2003-11-02,3.12,-7.98,1.18
2003-11-03,-4.23,-7.96,4.81
2003-11-04,7.04,-6.7,3.34
2003-11-05,0.25,-11.17,3.77
2003-11-06,6.38,-8.32,5.66
2003-11-07,7.13,-5.63,3.27
2003-11-08,2.1,-4.71,0.11
2003-11-09,8.27,-8.62,1.2
2003-11-10,1.2,-3.99,2.01
2003-11-11,5.35,-7.88,1.58
2003-11-12,1.8,-8.1,2.76
2003-11-13,-0.57,-6.25,6.84
2003-11-14,1.45,-11.07,4.56
2003-11-15,9.85,-5.27,0.58
2003-11-16,1.36,-5.83,0.46
2003-11-17,7.53,-4.42,1.6
2003-11-18,6.26,-6.6,1.83
2003-11-19,7.7,-3.45,7.41
2003-11-20,-0.35,-3.04,2.09
2003-11-21,4.38,-6.12,3.38
2003-11-22,0.69,-1.36,1.28
2003-11-23,4.59,-2.35,4.08
2003-11-24,6.32,-4.26,3.76
2003-11-25,5.4,-6.32,0.36
2003-11-26,7.39,0.13,2.02
2003-11-27,4.92,-4.56,0.08
2003-11-28,8.77,-6.87,3.9
2003-11-29,4.9,0.88,6.12
2003-11-30,8.32,-2.34,1.5
2003-12-01,5.72,-1.73,0.72
2003-12-02,15.22,0.27,1.84
2003-12-03,6.8,-4.21,1.92
2003-12-04,8.45,-1.53,1.79
2003-12-05,10.16,-3.64,1.95
2003-12-06,7.94,3.69,1.5
2003-12-07,9.65,-5.24,0.44
2003-12-08,7.59,0.17,0.18
2003-12-09,15.17,-2.15,1.15
2003-12-10,10.97,-3.77,0.85
2003-12-11,3.68,-0.06,2.67
2003-12-12,10.03,-0.97,0.82
2003-12-13,15.3,1.09,1.33
2003-12-14,17.79,1.37,0.54
2003-12-15,2.75,-0.4,0.16
2003-12-16,8.96,-0.11,1.41
2003-12-17,8.4,1.76,0.07
2003-12-18,15.14,1.19,0.61
2003-12-19,10.31,1.69,1.19
2003-12-20,17.17,5.8,0.81
2003-12-21,10.33,1.73,0.91
2003-12-22,13.28,1.97,6.78
2003-12-23,17.67,4.48,0.67
2003-12-24,10.95,7.43,1.32
2003-12-25,10.96,5.3,0.77
2003-12-26,16.27,3.59,1.89
2003-12-27,9.06,4.5,0.84
2003-12-28,14.74,6.45,1.45
2003-12-29,14.11,5.21,1.85
2003-12-30,15.38,3.6,5.39
2003-12-31,11.88,5.35,1.74
2004-01-01,13.75,8.11,4.24
2004-01-02,17.77,6.07,1.95
2004-01-03,14.59,4.24,0.45
2004-01-04,16.6,6.63,2.26
2004-01-05,13.55,5.14,2.82
2004-01-06,11.93,6.26,1.92
2004-01-07,16.52,6.31,1.26
2004-01-08,15.89,6.45,0.46
2004-01-09,16.09,10.26,1.67
2004-01-10,21.5,7.12,4.33
2004-01-11,18.06,6.1,4.89
2004-01-12,21.49,7.3,0.29
2004-01-13,18.83,9.16,0.9
2004-01-14,18.24,9.02,0.81
2004-01-15,21.88,10.37,5.3
2004-01-16,20.86,7.9,2.68
2004-01-17,18.84,8.07,0.66
2004-01-18,23.62,11.34,7.51
2004-01-19,23.45,8.83,1.14
2004-01-20,19.46,10.52,5.9
2004-01-21,18.27,8.11,2.82
2004-01-22,25.22,7.48,1.18
2004-01-23,18.26,12.28,0.12
2004-01-24,20.29,7.24,0.37
2004-01-25,17.78,7.89,0.12
2004-01-26,24.36,11.9,0.33
2004-01-27,26.77,13.72,1.09
2004-01-28,19.74,15.26,1.4
2004-01-29,21.33,12.37,0.92
2004-01-30,22.23,13.08,1.39
2004-01-31,23.39,13.59,1.74
2004-02-01,23.99,13.47,1.22
2004-02-02,15.99,12.04,6.8
2004-02-03,21.74,13.77,3.97
2004-02-04,21.2,13.43,1.6
2004-02-05,26.68,13.27,0.46
2004-02-06,24.58,16.44,0.11
2004-02-07,24.16,15.08,0.69
2004-02-08,27.76,14.13,0.73
2004-02-09,23.63,14.03,0.71
2004-02-10,24.27,17.74,0.52
2004-02-11,23.47,12.99,5.62
2004-02-12,21.12,14.99,4.44
2004-02-13,30.74,14.61,8.23
2004-02-14,22.57,17.45,0.41
2004-02-15,24.23,16.39,1.26
2004-02-16,21.92,19.72,0.05
2004-02-17,27.21,16.55,1.13
2004-02-18,21.07,21.47,0.99
2004-02-19,29.66,13.24,5.23
2004-02-20,26.57,17.66,1.21
2004-02-21,27.43,14.52,0.66
2004-02-22,24.83,13.72,13.44
2004-02-23,27.35,15.76,0.17
2004-02-24,26.55,14.82,1.43
2004-02-25,24.75,15.06,0.18
2004-02-26,26.98,18.32,1.69
2004-02-27,27.74,18.72,0.03
2004-02-28,26.72,14.46,2.36
2004-02-29,28.85,14.27,1.52
2004-03-01,24.48,17.34,7.58
2004-03-02,28.12,20.49,1.85
2004-03-03,28.99,15.21,2.37
2004-03-04,29.2,18.39,1.89
2004-03-05,32.35,17.27,0.37
2004-03-06,23.91,16.24,1.13
2004-03-07,28.45,21.73,3.16
2004-03-08,23.28,20.59,3.32
2004-03-09,26.63,17.47,1.4
2004-03-10,29.5,23.4,1.18
2004-03-11,29.31,20.04,3.98
2004-03-12,29.81,17.0,4.05
2004-03-13,34.16,20.51,0.93
2004-03-14,29.06,17.56,1.0
2004-03-15,28.27,20.51,6.81
2004-03-16,31.76,18.9,6.8
2004-03-17,23.89,18.35,1.49
2004-03-18,26.24,21.47,2.67
2004-03-19,24.94,17.22,0.76
2004-03-20,23.65,19.51,0.43
2004-03-21,25.8,15.52,1.72
2004-03-22,33.29,21.75,1.87
2004-03-23,30.63,18.63,0.13
2004-03-24,34.41,21.09,0.47
2004-03-25,29.49,22.32,0.49
2004-03-26,33.56,16.88,1.57
2004-03-27,28.81,18.6,0.55
2004-03-28,28.7,17.24,2.44
2004-03-29,28.23,17.51,0.99
2004-03-30,28.11,21.46,0.14
2004-03-31,26.59,18.21,1.41
2004-04-01,31.48,20.77,3.73
2004-04-02,34.18,17.9,0.75
2004-04-03,30.45,19.31,0.02
2004-04-04,24.81,18.14,2.36
2004-04-05,27.66,22.02,3.34
2004-04-06,28.53,16.35,2.6
2004-04-07,31.94,17.59,1.88
2004-04-08,31.14,22.98,0.64
2004-04-09,23.64,19.2,1.73
2004-04-10,30.3,21.7,2.0
2004-04-11,27.79,19.8,0.53
2004-04-12,23.8,19.53,0.4
2004-04-13,23.54,19.74,0.6
2004-04-14,26.29,19.37,5.26
2004-04-15,30.74,20.96,0.22
2004-04-16,31.41,20.62,2.92
2004-04-17,30.31,17.74,3.6
2004-04-18,34.89,21.28,1.23
2004-04-19,27.65,19.3,2.04
2004-04-20,28.77,17.54,0.69
2004-04-21,25.78,19.33,2.35
2004-04-22,27.47,19.85,0.22
2004-04-23,21.76,22.96,0.23
2004-04-24,31.44,19.49,3.52
2004-04-25,26.67,19.06,0.24
2004-04-26,27.34,17.33,0.97
2004-04-27,28.88,19.62,3.6
2004-04-28,26.46,19.01,2.66
2004-04-29,30.73,15.5,0.83
2004-04-30,29.05,17.76,0.05
2004-05-01,31.2,19.84,3.62
2004-05-02,31.82,20.47,0.27
2004-05-03,27.31,19.38,0.08
2004-05-04,30.8,16.64,2.42
2004-05-05,25.4,17.29,1.11
2004-05-06,29.59,17.15,2.05
2004-05-07,27.9,13.21,0.14
2004-05-08,26.75,17.42,1.3
2004-05-09,30.91,14.63,2.17
2004-05-10,23.66,18.48,0.76
2004-05-11,27.52,14.78,0.08
2004-05-12,29.31,16.83,4.43
2004-05-13,20.79,11.67,0.16
2004-05-14,28.95,17.02,0.56
2004-05-15,29.3,15.24,4.19
2004-05-16,26.53,12.44,0.43
2004-05-17,27.07,16.78,0.1
2004-05-18,24.59,17.59,0.84
2004-05-19,22.4,15.24,2.83
2004-05-20,21.03,15.52,0.42
2004-05-21,28.1,15.24,0.04
2004-05-22,24.74,13.26,3.42
2004-05-23,20.78,11.58,1.81
2004-05-24,26.29,16.84,1.74
2004-05-25,26.37,16.16,0.46
2004-05-26,21.02,12.94,0.28
2004-05-27,25.97,14.25,6.58
2004-05-28,19.76,14.13,0.22
2004-05-29,23.95,15.55,0.96
2004-05-30,24.89,14.72,1.8
2004-05-31,21.16,14.05,1.02
2004-06-01,22.92,12.16,0.03
2004-06-02,18.51,12.66,1.25
2004-06-03,20.26,10.56,0.68
2004-06-04,22.89,10.48,0.69
2004-06-05,17.69,12.75,0.17
2004-06-06,23.74,14.52,1.41
2004-06-07,19.41,7.21,0.52
2004-06-08,17.82,7.99,0.83
2004-06-09,21.4,10.08,0.31
2004-06-10,22.28,10.74,0.18
2004-06-11,19.82,10.95,2.91
2004-06-12,16.16,11.84,0.21
2004-06-13,17.76,8.93,0.16
2004-06-14,18.7,7.41,1.59
2004-06-15,15.55,10.07,0.1
2004-06-16,17.27,10.88,1.07
2004-06-17,24.4,9.31,1.15
2004-06-18,14.07,9.76,0.04
2004-06-19,20.9,7.76,0.84
2004-06-20,19.23,5.97,1.12
2004-06-21,14.2,9.06,1.6
2004-06-22,17.87,6.61,2.41
2004-06-23,21.53,4.23,0.56
2004-06-24,11.24,5.51,1.44
2004-06-25,16.85,6.22,1.34
2004-06-26,15.89,6.08,0.31
2004-06-27,16.63,7.38,1.28
2004-06-28,18.3,3.74,0.03
2004-06-29,19.77,2.57,0.16
2004-06-30,13.55,6.47,1.06
2004-07-01,19.79,1.69,0.11
2004-07-02,17.02,3.5,7.34
2004-07-03,12.33,2.7,1.09
2004-07-04,18.49,4.16,0.15
2004-07-05,12.35,2.17,0.11
2004-07-06,16.04,2.45,0.48
2004-07-07,12.6,2.03,3.98
2004-07-08,9.57,6.74,0.18
2004-07-09,11.83,2.5,0.06
2004-07-10,13.22,0.62,2.64
2004-07-11,16.02,2.31,0.59
2004-07-12,15.15,3.92,0.19
2004-07-13,15.92,-0.93,0.07
2004-07-14,13.22,-2.76,5.58
2004-07-15,15.36,1.11,0.57
2004-07-16,12.34,3.7,2.18
2004-07-17,16.02,-2.12,0.99
2004-07-18,7.31,0.08,0.1
2004-07-19,8.14,-1.0,1.33
2004-07-20,10.3,-3.95,0.18
2004-07-21,9.05,1.92,1.44
2004-07-22,9.78,-1.01,0.61
2004-07-23,8.65,-0.61,0.55
2004-07-24,7.77,2.58,1.32
2004-07-25,10.91,-2.25,0.89
2004-07-26,6.66,-2.81,0.99
2004-07-27,7.5,0.83,0.3
2004-07-28,9.35,-0.13,0.59
2004-07-29,3.62,-2.15,0.99
2004-07-30,1.69,-7.93,0.83
2004-07-31,12.76,-3.27,0.88
2004-08-01,3.11,-2.78,0.62
2004-08-02,7.92,-3.27,0.41
2004-08-03,6.99,-1.9,1.0
2004-08-04,3.41,-3.11,0.47
2004-08-05,7.16,-5.18,0.59
2004-08-06,4.14,-2.41,0.18
2004-08-07,8.16,-4.31,1.24
2004-08-08,7.48,-9.44,0.09
2004-08-09,7.56,-7.66,0.12
2004-08-10,1.63,-3.14,1.26
2004-08-11,7.28,-2.59,0.95
2004-08-12,1.49,-6.57,4.42
2004-08-13,9.23,-6.58,1.15
2004-08-14,2.61,-6.86,0.33
2004-08-15,0.11,-6.52,0.02
2004-08-16,0.45,-8.23,0.01
2004-08-17,6.94,-4.86,0.16
2004-08-18,5.21,-7.11,0.96
2004-08-19,4.12,-7.2,0.37
2004-08-20,7.42,-7.68,1.67
2004-08-21,5.14,-6.85,0.52
2004-08-22,2.96,-3.65,2.28
2004-08-23,1.26,-5.73,1.64
2004-08-24,1.54,-5.53,3.04
2004-08-25,9.94,-4.86,1.04
2004-08-26,2.74,-7.92,2.69
2004-08-27,5.51,-6.48,0.01
2004-08-28,-3.75,-3.43,0.69
2004-08-29,2.84,-8.77,0.7
2004-08-30,1.81,-4.75,0.16
2004-08-31,-1.19,-7.11,2.06
2004-09-01,-1.43,-7.46,3.28
2004-09-02,-0.67,-8.23,0.99
2004-09-03,3.89,-9.67,1.7
2004-09-04,1.47,-7.7,0.61
2004-09-05,-0.3,-7.88,0.79
2004-09-06,-1.35,-8.55,0.54
2004-09-07,2.91,-9.59,0.14
2004-09-08,-0.55,-8.35,0.98
2004-09-09,4.52,-10.22,0.27
2004-09-10,-2.94,-7.79,1.25
2004-09-11,1.57,-7.16,0.14
2004-09-12,-2.84,-9.8,1.21
2004-09-13,-0.58,-8.84,0.71
2004-09-14,2.5,-9.4,0.77
2004-09-15,3.73,-10.16,0.68
2004-09-16,-2.86,-15.92,1.88
2004-09-17,-0.65,-7.3,0.41
2004-09-18,8.58,-10.3,0.27
2004-09-19,0.06,-6.83,0.41
2004-09-20,-0.58,-10.58,2.98
2004-09-21,-2.48,-10.86,0.62
2004-09-22,1.6,-13.76,0.8
2004-09-23,-2.15,-13.98,3.37
2004-09-24,-4.11,-11.34,0.28
2004-09-25,4.8,-10.46,0.23
2004-09-26,4.32,-10.8,0.41
2004-09-27,-4.15,-9.38,1.35
2004-09-28,0.93,-10.49,0.43
2004-09-29,-2.82,-7.68,2.36
2004-09-30,-0.47,-10.37,0.68
2004-10-01,2.04,-10.4,0.79
2004-10-02,2.78,-12.09,1.08
2004-10-03,-1.11,-9.69,0.12
2004-10-04,1.8,-8.72,0.71
2004-10-05,-2.37,-10.87,0.34
2004-10-06,4.13,-11.23,0.78
2004-10-07,-0.48,-11.65,2.71
2004-10-08,3.64,-8.79,0.63
2004-10-09,-2.26,-10.39,2.09
2004-10-10,-1.46,-8.82,0.72
2004-10-11,7.28,-10.2,2.92
2004-10-12,3.87,-4.99,0.05
2004-10-13,-1.65,-8.79,1.81
2004-10-14,-0.99,-11.22,0.29
2004-10-15,-3.59,-10.92,0.67
2004-10-16,1.14,-9.5,0.06
2004-10-17,-0.96,-9.06,1.81
2004-10-18,9.95,-6.56,0.82
2004-10-19,-0.56,-10.19,0.38
2004-10-20,-3.14,-8.25,0.12
2004-10-21,2.73,-7.8,0.35
2004-10-22,4.05,-6.18,1.53
2004-10-23,1.68,-8.05,0.17
2004-10-24,3.16,-9.68,0.23
2004-10-25,1.98,-9.47,0.52
2004-10-26,2.16,-7.25,0.09
2004-10-27,-1.44,-11.78,0.11
2004-10-28,-1.48,-8.31,1.02
2004-10-29,5.46,-9.49,3.25
2004-10-30,0.79,-10.07,0.93
2004-10-31,3.23,-8.8,2.46
2004-11-01,0.73,-10.08,0.22
2004-11-02,-0.33,-7.03,8.53
2004-11-03,0.95,-4.85,1.73
2004-11-04,2.98,-5.64,0.38
2004-11-05,5.98,-7.96,2.07
2004-11-06,5.62,-6.32,4.49
2004-11-07,8.09,-6.29,2.83
2004-11-08,-0.15,-6.01,3.19
2004-11-09,2.08,-6.1,1.25
2004-11-10,2.08,-8.43,0.04
2004-11-11,7.05,-10.62,1.93
2004-11-12,6.84,-5.13,0.49
2004-11-13,4.12,-3.43,7.97
2004-11-14,3.41,-6.9,2.03
2004-11-15,6.23,-5.94,0.14
2004-11-16,11.27,-2.95,2.12
2004-11-17,2.62,-7.83,3.71
2004-11-18,6.5,-5.88,1.65
2004-11-19,7.6,-2.83,0.47
2004-11-20,8.6,-4.18,1.13
2004-11-21,5.47,-3.37,0.31
2004-11-22,7.4,-4.43,0.77
2004-11-23,4.07,-4.44,2.58
2004-11-24,9.34,-5.14,1.17
2004-11-25,11.04,-3.71,0.96
2004-11-26,0.45,-5.24,0.92
2004-11-27,11.02,-2.89,0.9
2004-11-28,13.23,-2.32,0.63
2004-11-29,8.18,-2.98,2.57
2004-11-30,13.12,-0.52,0.06
2004-12-01,8.34,2.55,1.58
2004-12-02,5.99,-2.46,0.43
2004-12-03,7.88,-0.64,1.26
2004-12-04,9.39,2.02,1.42
2004-12-05,11.11,-3.01,0.37
2004-12-06,8.41,-3.8,0.67
2004-12-07,11.36,-3.39,2.11
2004-12-08,8.46,1.85,0.15
2004-12-09,14.43,1.11,0.01
2004-12-10,8.21,-0.08,1.68
2004-12-11,3.81,4.21,5.8
2004-12-12,8.95,0.75,1.25
2004-12-13,10.06,-2.58,1.22
2004-12-14,5.38,2.96,0.36
2004-12-15,14.97,1.14,2.18
2004-12-16,12.89,0.98,4.87
2004-12-17,13.8,2.69,6.88
2004-12-18,12.56,3.67,1.51
2004-12-19,18.67,0.74,1.63
2004-12-20,9.75,4.29,1.66
2004-12-21,12.11,1.0,2.77
2004-12-22,12.83,-0.72,0.8
2004-12-23,16.5,2.76,2.31
2004-12-24,12.73,3.96,4.13
2004-12-25,10.0,1.4,1.44
2004-12-26,16.72,3.13,1.01
2004-12-27,13.16,1.48,0.97
2004-12-28,14.85,4.87,1.41
2004-12-29,14.62,5.26,0.12
2004-12-30,13.62,1.68,0.34
2004-12-31,17.02,2.08,2.56
2005-01-01,19.89,5.43,1.65
2005-01-02,12.54,5.79,0.27
2005-01-03,10.57,6.22,0.04
2005-01-04,18.9,10.68,6.94
2005-01-05,14.08,6.24,1.6
2005-01-06,11.08,5.13,4.74
2005-01-07,18.16,4.38,1.04
2005-01-08,16.71,6.37,0.62
2005-01-09,18.25,7.57,0.62
2005-01-10,15.27,7.7,5.44
2005-01-11,19.94,10.2,3.47
2005-01-12,18.82,8.23,2.5
2005-01-13,18.42,9.94,0.25
2005-01-14,15.36,8.74,1.8
2005-01-15,25.85,8.16,0.02
2005-01-16,18.96,6.27,6.01
2005-01-17,15.62,5.53,2.51
2005-01-18,14.82,11.2,1.06
2005-01-19,18.84,7.94,0.05
2005-01-20,22.13,8.69,0.45
2005-01-21,20.15,8.64,0.02
2005-01-22,20.99,10.74,3.86
2005-01-23,19.77,11.06,3.05
2005-01-24,22.2,11.93,1.42
2005-01-25,23.0,10.35,2.6
2005-01-26,19.41,10.17,3.15
2005-01-27,20.44,13.84,3.69
2005-01-28,24.67,12.2,5.21
2005-01-29,24.57,9.82,4.38
2005-01-30,29.23,10.7,0.42
2005-01-31,22.51,9.12,0.18
2005-02-01,23.26,18.68,0.31
2005-02-02,17.27,11.72,1.48
2005-02-03,23.01,13.31,2.86
2005-02-04,20.85,16.3,0.11
2005-02-05,21.41,11.45,0.41
2005-02-06,20.47,14.43,0.88
2005-02-07,25.77,17.72,0.98
2005-02-08,28.99,10.34,0.01
2005-02-09,25.18,13.63,5.05
2005-02-10,22.36,11.94,1.68
2005-02-11,23.81,15.35,2.21
2005-02-12,22.71,10.2,0.1
2005-02-13,26.97,14.12,1.21
2005-02-14,22.82,12.44,3.85
2005-02-15,23.13,17.52,0.25
2005-02-16,26.64,15.54,1.74
2005-02-17,33.17,17.68,0.91
2005-02-18,26.51,18.98,0.25
2005-02-19,26.69,14.21,5.52
2005-02-20,28.82,15.75,2.89
2005-02-21,27.57,15.68,0.45
2005-02-22,26.95,12.2,2.59
2005-02-23,26.34,15.16,1.33
2005-02-24,31.13,17.51,0.38
2005-02-25,29.12,19.23,1.62
2005-02-26,25.26,20.8,0.3
2005-02-27,28.53,21.74,2.04
2005-02-28,29.77,17.2,1.77
2005-03-01,27.57,16.19,2.82
2005-03-02,27.93,20.92,4.5
2005-03-03,26.33,15.02,4.58
2005-03-04,29.19,19.58,3.92
2005-03-05,25.48,17.3,0.55
2005-03-06,23.91,17.48,0.77
2005-03-07,27.36,17.12,1.7
2005-03-08,22.78,17.21,2.74
2005-03-09,29.63,19.64,0.81
2005-03-10,26.93,19.83,0.28
2005-03-11,32.28,17.91,0.57
2005-03-12,30.18,21.03,0.58
2005-03-13,33.05,24.36,2.13
2005-03-14,30.81,18.51,0.74
2005-03-15,24.93,16.81,1.57
2005-03-16,31.44,17.25,3.25
2005-03-17,34.34,20.31,2.17
2005-03-18,32.91,18.5,0.7
2005-03-19,34.33,20.52,0.95
2005-03-20,28.51,15.93,3.41
2005-03-21,29.96,21.23,2.17
2005-03-22,32.06,17.8,3.47
2005-03-23,29.04,21.97,0.19
2005-03-24,25.35,19.15,0.69
2005-03-25,29.06,22.35,1.81
2005-03-26,29.13,18.6,0.19
2005-03-27,25.41,19.5,5.42
2005-03-28,27.01,19.06,1.66
2005-03-29,33.23,20.4,1.3
2005-03-30,25.16,18.59,1.63
2005-03-31,28.38,19.49,0.0
2005-04-01,33.68,19.63,1.7
2005-04-02,27.68,19.0,0.36
2005-04-03,32.73,18.66,4.72
2005-04-04,28.94,21.53,0.24
2005-04-05,30.98,21.8,0.36
2005-04-06,24.85,18.83,2.67
2005-04-07,30.71,19.88,0.11
2005-04-08,29.08,15.5,1.4
2005-04-09,33.28,18.04,4.15
2005-04-10,30.34,22.16,3.5
2005-04-11,27.3,16.58,0.76
2005-04-12,24.33,19.2,6.52
2005-04-13,27.81,19.11,1.5
2005-04-14,29.07,16.65,1.14
2005-04-15,31.51,21.19,1.11
2005-04-16,25.8,17.27,2.97
2005-04-17,29.12,22.34,0.28
2005-04-18,30.68,20.87,1.32
2005-04-19,30.65,19.35,6.75
2005-04-20,31.06,18.12,0.44
2005-04-21,31.13,17.0,1.04
2005-04-22,31.59,19.11,4.69
2005-04-23,27.77,16.91,1.93
2005-04-24,24.88,14.52,1.83
2005-04-25,32.05,15.82,0.64
2005-04-26,29.39,20.13,0.15
2005-04-27,28.75,16.93,0.72
2005-04-28,24.88,17.65,1.73
2005-04-29,28.34,19.52,0.17
2005-04-30,23.62,20.51,3.87
2005-05-01,24.08,17.52,0.42
2005-05-02,25.67,19.71,2.92
2005-05-03,25.92,15.73,1.25
2005-05-04,25.98,15.33,0.32
2005-05-05,18.34,19.11,4.62
2005-05-06,26.88,18.72,1.35
2005-05-07,22.89,16.42,0.45
2005-05-08,27.43,16.42,0.61
2005-05-09,28.21,17.68,1.32
2005-05-10,27.82,16.68,0.45
2005-05-11,24.55,14.73,0.38
2005-05-12,28.74,16.03,1.91
2005-05-13,28.35,16.03,0.1
2005-05-14,27.09,13.32,1.91
2005-05-15,25.65,15.0,2.09
2005-05-16,28.71,18.58,0.77
2005-05-17,25.14,13.88,0.28
2005-05-18,25.31,16.74,0.76
2005-05-19,25.19,18.4,0.74
2005-05-20,25.92,15.54,2.24
2005-05-21,25.1,13.67,2.88
2005-05-22,23.53,13.65,4.28
2005-05-23,16.59,11.87,0.01
2005-05-24,22.8,16.45,1.56
2005-05-25,27.6,16.12,6.25
2005-05-26,16.68,15.33,6.15
2005-05-27,19.51,15.56,0.27
2005-05-28,22.18,15.46,2.16
2005-05-29,18.97,12.93,1.84
2005-05-30,22.6,11.68,0.79
2005-05-31,27.51,11.95,1.76
2005-06-01,23.04,9.78,2.73
2005-06-02,23.2,12.9,0.36
2005-06-03,18.94,7.03,0.17
2005-06-04,19.5,10.29,0.09
2005-06-05,22.04,13.09,1.1
2005-06-06,20.64,12.74,0.97
2005-06-07,22.68,12.42,0.43
2005-06-08,22.77,6.42,0.0
2005-06-09,18.45,9.37,0.29
2005-06-10,18.59,12.18,0.21
2005-06-11,23.57,10.24,0.28
2005-06-12,19.31,8.68,1.38
2005-06-13,23.67,10.15,3.21
2005-06-14,20.86,12.08,0.68
2005-06-15,16.06,8.52,1.1
2005-06-16,20.93,5.73,0.88
2005-06-17,22.41,8.34,0.31
2005-06-18,23.58,3.85,1.09
2005-06-19,16.76,10.89,1.04
2005-06-20,22.33,6.5,0.02
2005-06-21,17.54,4.82,2.11
2005-06-22,19.78,7.57,0.66
2005-06-23,14.08,7.16,1.62
2005-06-24,18.16,6.46,2.42
2005-06-25,16.8,8.09,1.13
2005-06-26,15.11,7.12,0.92
2005-06-27,16.18,5.13,0.17
2005-06-28,14.5,3.69,0.57
2005-06-29,13.67,6.06,0.7
2005-06-30,16.31,2.87,1.01
2005-07-01,20.09,5.94,0.41
2005-07-02,13.76,7.91,0.66
2005-07-03,18.2,7.73,0.37
2005-07-04,15.06,5.39,0.14
2005-07-05,17.5,0.64,1.81
2005-07-06,9.54,5.25,0.07
2005-07-07,12.97,5.56,1.27
2005-07-08,12.85,4.9,0.21
2005-07-09,15.8,3.18,1.63
2005-07-10,13.4,2.02,0.85
2005-07-11,15.71,2.78,0.53
2005-07-12,10.01,2.27,0.33
2005-07-13,13.25,1.78,0.33
2005-07-14,17.81,0.92,0.18
2005-07-15,16.73,1.38,2.02
2005-07-16,15.79,3.55,0.13
2005-07-17,8.86,2.81,2.71
2005-07-18,13.69,2.48,0.25
2005-07-19,16.84,-1.43,1.47
2005-07-20,9.38,1.42,1.73
2005-07-21,1.59,2.81,0.38
2005-07-22,14.65,0.98,0.53
2005-07-23,13.95,1.49,1.24
2005-07-24,4.32,-1.22,0.28
2005-07-25,12.16,-0.96,0.48
2005-07-26,7.72,-0.62,0.65
2005-07-27,8.68,-4.3,0.27
2005-07-28,12.58,-2.47,1.48
2005-07-29,3.0,0.86,0.7
2005-07-30,11.51,2.11,0.67
2005-07-31,3.78,-2.22,1.68
2005-08-01,4.26,-2.24,1.45
2005-08-02,4.44,-3.39,0.73
2005-08-03,5.34,-4.4,0.52
2005-08-04,10.62,-4.14,0.61
2005-08-05,5.03,-4.88,0.71
2005-08-06,7.42,-5.67,0.83
2005-08-07,7.07,-3.51,2.43
2005-08-08,4.81,-5.48,2.25
2005-08-09,5.31,-4.25,0.58
2005-08-10,5.77,-5.61,0.41
2005-08-11,12.45,-5.7,2.03
2005-08-12,2.88,-1.0,1.71
2005-08-13,-0.4,-4.46,0.05
2005-08-14,7.39,-4.39,0.18
2005-08-15,5.72,-4.73,2.46
2005-08-16,5.8,-6.08,0.39
2005-08-17,2.38,-5.59,0.04
2005-08-18,2.78,-2.47,0.3
2005-08-19,5.61,-8.16,0.0
2005-08-20,2.39,-8.69,0.66
2005-08-21,-0.54,-8.64,3.32
2005-08-22,2.97,-6.51,0.56
2005-08-23,2.1,-5.33,0.1
2005-08-24,4.82,-4.09,0.84
2005-08-25,-0.81,-6.03,0.7
2005-08-26,-2.53,-6.49,2.96
2005-08-27,4.1,-5.86,0.08
2005-08-28,2.43,-9.47,0.18
2005-08-29,-4.46,-8.07,1.02
2005-08-30,1.62,-9.88,0.32
2005-08-31,4.97,-9.28,0.03
2005-09-01,2.03,-7.02,0.36
2005-09-02,0.06,-8.55,4.54
2005-09-03,2.02,-8.94,0.58
2005-09-04,-3.09,-2.75,1.21
2005-09-05,3.56,-10.2,0.21
2005-09-06,-2.87,-7.91,1.98
2005-09-07,1.34,-7.35,0.43
2005-09-08,3.7,-11.4,0.76
2005-09-09,0.64,-7.76,1.18
2005-09-10,9.41,-13.82,0.31
2005-09-11,-4.0,-14.14,1.23
2005-09-12,0.27,-8.32,0.04
2005-09-13,10.0,-9.81,0.18
2005-09-14,1.77,-7.98,0.6
2005-09-15,4.09,-9.17,0.65
2005-09-16,0.12,-14.18,0.87
2005-09-17,3.74,-6.69,0.1
2005-09-18,-2.47,-9.11,0.08
2005-09-19,-6.99,-8.32,0.89
2005-09-20,-0.16,-11.42,0.19
2005-09-21,0.32,-9.24,1.16
2005-09-22,-1.77,-10.38,3.72
2005-09-23,-1.65,-13.21,1.05
2005-09-24,-5.19,-9.31,0.06
2005-09-25,-3.23,-8.28,0.07
2005-09-26,2.07,-6.4,0.52
2005-09-27,-3.65,-11.15,1.11
2005-09-28,-4.35,-6.25,0.59
2005-09-29,2.17,-11.08,0.66
2005-09-30,-5.6,-9.17,0.2
2005-10-01,0.73,-10.94,0.22
2005-10-02,-2.72,-6.85,0.54
2005-10-03,-6.66,-11.03,0.11
2005-10-04,3.27,-12.5,1.1
2005-10-05,-0.97,-13.55,0.21
2005-10-06,-0.42,-9.51,0.26
2005-10-07,-1.88,-10.69,1.02
2005-10-08,-3.97,-7.43,1.23
2005-10-09,-4.71,-9.09,1.05
2005-10-10,0.47,-11.85,0.57
2005-10-11,2.24,-12.78,2.05
2005-10-12,-3.9,-10.69,0.3
2005-10-13,-6.48,-10.38,2.45
2005-10-14,-3.79,-12.52,0.48
2005-10-15,1.79,-7.55,0.95
2005-10-16,3.57,-10.57,0.04
2005-10-17,0.68,-7.25,0.51
2005-10-18,6.92,-9.43,0.01
2005-10-19,0.26,-7.16,0.42
2005-10-20,0.25,-11.4,0.69
2005-10-21,5.9,-10.92,0.55
2005-10-22,1.28,-8.09,1.65
2005-10-23,0.36,-10.72,0.41
2005-10-24,4.43,-8.42,0.08
2005-10-25,3.2,-10.93,0.78
2005-10-26,1.86,-10.75,2.93
2005-10-27,-3.77,-10.24,0.93
2005-10-28,2.36,-10.2,3.44
2005-10-29,-1.19,-9.88,3.09
2005-10-30,1.36,-9.24,1.41
2005-10-31,6.98,-7.15,0.88
2005-11-01,6.16,-4.33,1.59
2005-11-02,-1.74,-6.23,0.18
2005-11-03,1.49,-8.45,1.39
2005-11-04,3.98,-5.83,3.11
2005-11-05,-0.65,-10.79,1.0
2005-11-06,3.2,-7.15,0.37
2005-11-07,5.06,-8.11,2.43
2005-11-08,2.73,-5.69,2.17
2005-11-09,9.89,-7.93,1.19
2005-11-10,3.53,-9.33,1.5
2005-11-11,5.4,-4.82,2.18
2005-11-12,4.77,-7.43,1.39
2005-11-13,3.6,-6.83,1.56
2005-11-14,5.45,-7.17,0.02
2005-11-15,5.16,-8.12,2.51
2005-11-16,5.19,-4.56,2.23
2005-11-17,4.94,-7.42,2.25
2005-11-18,9.61,-6.3,1.48
2005-11-19,6.53,-3.46,4.5
2005-11-20,2.23,-3.74,1.74
2005-11-21,4.57,-3.3,2.22
2005-11-22,7.03,-6.72,0.82
2005-11-23,3.83,-6.23,0.39
2005-11-24,5.39,-2.29,0.56
2005-11-25,0.52,-4.86,2.73
2005-11-26,6.28,-2.66,3.95
2005-11-27,3.13,-2.88,2.35
2005-11-28,13.42,-2.73,4.41
2005-11-29,9.81,-3.17,2.78
2005-11-30,14.8,-3.23,0.79
2005-12-01,7.21,-3.04,1.95
2005-12-02,1.87,-3.41,1.15
2005-12-03,5.82,-3.03,2.34
2005-12-04,3.94,-1.64,0.77
2005-12-05,6.31,-1.24,0.32
2005-12-06,11.15,0.32,2.52
2005-12-07,8.09,3.03,2.06
2005-12-08,9.49,-1.67,3.01
2005-12-09,2.68,-0.59,0.65
2005-12-10,13.77,1.68,4.1
2005-12-11,13.43,-1.5,1.65
2005-12-12,10.35,2.17,1.46
2005-12-13,14.98,1.33,6.69
2005-12-14,10.76,2.06,1.91
2005-12-15,8.14,0.78,2.92
2005-12-16,8.6,3.3,0.73
2005-12-17,10.34,2.43,1.8
2005-12-18,12.17,2.52,1.07
2005-12-19,8.65,4.47,0.65
2005-12-20,8.11,4.79,0.1
2005-12-21,12.53,1.42,2.87
2005-12-22,16.29,2.89,0.07
2005-12-23,8.99,1.56,1.19
2005-12-24,13.93,3.05,1.62
2005-12-25,14.59,3.88,0.3
2005-12-26,13.16,1.9,5.43
2005-12-27,18.84,8.99,0.3
2005-12-28,14.86,2.73,4.92
2005-12-29,16.29,2.22,0.16
2005-12-30,11.28,5.38,2.66
2005-12-31,13.9,1.19,1.83
